league,homeTeam,awayTeam,homeOdds,drawOdds,awayOdds,Timestamp,Time,Date
Football / International / AFC Challenge League,FC Ulaanbaatar,New Taipei Hang Yuan,1.81,3.55,3.75,2026-08-11 03:40:21,11:00 am,Tue 11/08
Football / International / Club Friendly Games,Club Deportivo Eldense,FC Cartagena,1.82,3.5,4.28,2026-08-11 03:40:21,11:30 am,Tue 11/08
Football / International / AFC Challenge League,Fortis FC,Muras United FC,13.0,5.4,1.2,2026-08-11 03:40:21,12:00 pm,Tue 11/08
Football / Australia / Australia Cup,Lions FC,Melbourne City FC,5.16,4.42,1.59,2026-08-11 03:40:21,12:30 pm,Tue 11/08
Football / India / Calcutta Premier Div.,Calcutta Customs,Kalighat MS,1.55,4.09,4.79,2026-08-11 03:40:21,12:30 pm,Tue 11/08
"Football / Australia / Victoria NPL, Women",Keilor Park SC Women,Heidelberg United FC Women,3.21,3.79,2.02,2026-08-11 03:40:21,12:30 pm,Tue 11/08
Football / Australia / Australia Cup,SD Raiders FC,Macarthur FC,7.25,5.22,1.39,2026-08-11 03:40:21,12:30 pm,Tue 11/08
Football / International / AFC Champions League,Adelaide United FC,Cong An Ha Noi FC,1.6,4.34,5.13,2026-08-11 03:40:21,12:30 pm,Tue 11/08
Football / Republic of Korea / WK-League,Hwacheon KSPO FC Women,Incheon Hyundai Steel Red Angels Women,1.49,4.0,5.6,2026-08-11 03:40:21,1:00 pm,Tue 11/08
Football / International / Club Friendly Games,Palermo FC,Juventus Turin,6.54,4.86,1.45,2026-08-11 03:40:21,1:00 pm,Tue 11/08
Football / Australia / South Australia NPL,Sturt Lions,Adelaide Comets FC,1.88,3.89,3.55,2026-08-11 03:40:21,1:30 pm,Tue 11/08
Football / International / AFC Champions League,Gangwon FC,Gamba Osaka,2.83,3.32,2.53,2026-08-11 03:40:21,1:30 pm,Tue 11/08
Football / Paraguay / Paraguay Reserve League,Club Libertad Asunción Reserves,Club Sportivo Trinidense Reserves,1.6,4.16,4.85,2026-08-11 03:40:21,2:00 pm,Tue 11/08
Football / International / AFC Challenge League,Paro FC,Abu Muslim Farah,2.03,3.15,3.45,2026-08-11 03:40:21,3:00 pm,Tue 11/08
Football / Mozambique / Mocambola,Costa Do Sol,Ferroviario de Nampula,1.71,3.15,5.0,2026-08-11 03:40:21,3:45 pm,Tue 11/08
Football / Uruguay / Uruguay Primera División Reserves,Racing Club de Montevideo Reserves,Albion FC Reserves,1.8,3.66,4.15,2026-08-11 03:40:21,4:00 pm,Tue 11/08
Football / Brazil / U20 Paulista,Gremio Novorizontino SP U20,Sao Paulo FC SP U20,3.39,3.49,2.05,2026-08-11 03:40:21,5:00 pm,Tue 11/08
"Football / Argentina / Primera Division, Women",CA Huracan Women,Social Atletico Television Women,2.94,2.84,2.64,2026-08-11 03:40:21,5:00 pm,Tue 11/08
Football / Bulgaria / Second Prof. League,PFC CSKA SOFIA II,FK Hebar Pazardzhik,1.67,3.75,4.87,2026-08-11 03:40:21,6:00 pm,Tue 11/08
Football / International / UEFA Champions League,FC Kairat Almaty,PFC Levski Sofia,2.66,3.11,2.91,2026-08-11 03:40:21,6:00 pm,Tue 11/08
Football / Finland / Kolmonen,Vpv,FC Kiisto,5.89,5.13,1.38,2026-08-11 03:40:21,6:00 pm,Tue 11/08
Football / Greece / Greece Cup,AO Trikala 1963,AE Larissa FC,8.8,4.6,1.3,2026-08-11 03:40:21,6:00 pm,Tue 11/08
Football / International / AFC Champions League,Pakhtakor,Al Hussein Irbid,1.81,3.61,4.55,2026-08-11 03:40:21,6:00 pm,Tue 11/08
Football / Finland / Ykkonen,PK Keski-Uusimaa,FC Inter Turku 2,1.54,4.98,4.98,2026-08-11 03:40:21,6:30 pm,Tue 11/08
Football / Finland / Ykkonen,TPV Tampere,SalPa,3.02,3.87,2.17,2026-08-11 03:40:21,6:30 pm,Tue 11/08
Football / Finland / Ykkonen,JJK Jyvaskyla,Tampere United,3.16,4.05,2.05,2026-08-11 03:40:21,6:30 pm,Tue 11/08
Football / Finland / Ykkonen,Rovaniemen Palloseura,KuPS Akatemia,1.35,6.14,6.93,2026-08-11 03:40:21,6:30 pm,Tue 11/08
Football / International / UEFA Champions League,Sabah Masazir,AGF Aarhus,2.1,3.4,3.7,2026-08-11 03:40:21,7:00 pm,Tue 11/08
Football / International / UEFA Europa League,FC Iberia 1999,Larne FC,1.67,3.75,5.4,2026-08-11 03:40:21,7:00 pm,Tue 11/08
Football / Uganda / Super 8,Maroons FC,SC Villa,3.55,3.2,1.99,2026-08-11 03:40:21,7:00 pm,Tue 11/08
Football / International / UEFA Champions League,Bodoe/Glimt,Union Saint-Gilloise,1.67,4.42,4.68,2026-08-11 03:40:21,7:00 pm,Tue 11/08
Football / International / AFC Champions League,Al Jazira (UAE),Al-Ittihad Club,3.87,3.72,1.91,2026-08-11 03:40:21,7:00 pm,Tue 11/08
Football / Finland / Kolmonen,Salon Palloilijat 2,LTU U20,1.56,4.39,4.48,2026-08-11 03:40:21,7:30 pm,Tue 11/08
Football / Finland / Kolmonen,Kings SC Kuopio,JIPPO-J/Punamusta,1.08,10.48,15.24,2026-08-11 03:40:21,7:45 pm,Tue 11/08
Football / Bulgaria / Second Prof. League,FC Yantra Gabrovo,PFC Montana 1921,2.29,3.36,2.97,2026-08-11 03:40:21,8:00 pm,Tue 11/08
Football / International / UEFA Conference League,Apollon Limassol,SK Brann,2.36,3.33,3.07,2026-08-11 03:40:21,8:00 pm,Tue 11/08
Football / International / UEFA Champions League,FK Kauno Zalgiris,GNK Dinamo Zagreb,7.18,5.01,1.43,2026-08-11 03:40:21,8:00 pm,Tue 11/08
Football / International / AFC Challenge League,Al Ittihad Ahli of Aleppo,Bangladesh Police FC,1.35,4.1,8.8,2026-08-11 03:40:21,8:00 pm,Tue 11/08
Football / Sweden / Superettan,Helsingborgs IF,IFK Varnamo,2.29,3.62,2.97,2026-08-11 03:40:21,8:00 pm,Tue 11/08
Football / International / UEFA Champions League,NEC Nijmegen,Olympiacos Piraeus,2.84,3.15,2.69,2026-08-11 03:40:21,8:30 pm,Tue 11/08
Football / South Africa / Premier Soccer League,Chippa United FC,Richards Bay FC,2.92,2.78,2.88,2026-08-11 03:40:21,8:30 pm,Tue 11/08
Football / International / UEFA Conference League,FC CSKA 1948,Panathinaikos Athens,4.41,3.59,1.84,2026-08-11 03:40:21,8:30 pm,Tue 11/08
Football / South Africa / Premier Soccer League,Marumo Gallants FC,Kruger United,2.48,2.88,3.33,2026-08-11 03:40:21,8:30 pm,Tue 11/08
Football / South Africa / Premier Soccer League,Polokwane City,Stellenbosch FC,2.56,2.81,3.3,2026-08-11 03:40:21,8:30 pm,Tue 11/08
Football / South Africa / Premier Soccer League,TS Galaxy FC,Mamelodi Sundowns,6.14,3.96,1.58,2026-08-11 03:40:21,8:30 pm,Tue 11/08
"Football / Argentina / Liga Profesional, Reserves",Deportivo Riestra Afbc Reserve,CA Huracan,2.67,3.12,2.67,2026-08-11 03:40:21,9:00 pm,Tue 11/08
"Football / Argentina / Liga Profesional, Reserves",Racing Club Avellaneda,Atletico Tucuman Reserve,1.84,3.57,4.07,2026-08-11 03:40:21,9:00 pm,Tue 11/08
Football / Brazil / U20 Paulista,AA Flamengo SP U20,Gremio Osasco Audax EC SP U20,2.39,3.34,2.84,2026-08-11 03:40:21,9:00 pm,Tue 11/08
Football / Brazil / U20 Paulista,EC XV de Novembro Piracicaba SP U20,AD Sao Caetano SP U20,1.82,3.55,4.2,2026-08-11 03:40:21,9:00 pm,Tue 11/08
Football / Brazil / U20 Paulista,AE Velo Clube SP U20,Desportivo Brasil SP U20,3.35,3.5,2.06,2026-08-11 03:40:21,9:00 pm,Tue 11/08
Football / Brazil / U20 Paulista,Porto Foot Ball SP U20,Maua FC SP U20,2.94,3.24,2.37,2026-08-11 03:40:21,9:00 pm,Tue 11/08
Football / Brazil / U20 Paulista,SC Aguai SP U20,EC Sao Bernardo SP U20,4.9,3.85,1.65,2026-08-11 03:40:21,9:00 pm,Tue 11/08
"Football / Argentina / Liga Profesional, Reserves",Colon de Santa Fe Reserve,Newells Old Boys,3.78,3.18,2.04,2026-08-11 03:40:21,9:00 pm,Tue 11/08
"Football / Argentina / Liga Profesional, Reserves",CA Sarmiento de Junin,CA Union Santa Fe Reserve,3.23,3.18,2.24,2026-08-11 03:40:21,9:00 pm,Tue 11/08
"Football / Argentina / Liga Profesional, Reserves",Velez Sarsfield Reserve,Gimnasia de Mendoza Reserve,1.57,3.88,5.71,2026-08-11 03:40:21,9:00 pm,Tue 11/08
Football / Brazil / U20 Paulista,Capivariano FC SP U20,EC Agua Santa SP U20,1.91,3.45,3.85,2026-08-11 03:40:21,9:00 pm,Tue 11/08
Football / Brazil / U20 Paulista,SC Paulinense SP U20,Uniao Sao Joao EC SP U20,1.95,3.5,3.7,2026-08-11 03:40:21,9:00 pm,Tue 11/08
"Football / Brazil / U20 Carioca, Serie A",Bangu AC RJ U20,Sampaio Correa FE RJ U20,1.91,3.64,3.68,2026-08-11 03:40:21,9:00 pm,Tue 11/08
Football / Brazil / U20 Paulista,Ibrachina FC SP U20,EC Santo Andre SP U20,1.23,6.0,11.0,2026-08-11 03:40:21,9:00 pm,Tue 11/08
Football / International / UEFA Champions League,FK Crvena Zvezda Belgrade,Hapoel Be`er Sheva FC,1.28,6.33,10.0,2026-08-11 03:40:21,9:00 pm,Tue 11/08
Football / Brazil / U20 Paulista,EC XV de Novembro de Jau SP U20,Referencia FC SP U20,2.05,3.54,3.34,2026-08-11 03:40:21,9:00 pm,Tue 11/08
Football / Brazil / U20 Paulista,SE Palmeiras SP U20,Ituano FC SP U20,1.23,6.0,11.0,2026-08-11 03:40:21,9:00 pm,Tue 11/08
Football / International / UEFA Champions League,NK Celje,FC Ararat-Armenia,1.45,4.65,7.41,2026-08-11 03:40:21,9:15 pm,Tue 11/08
Football / International / UEFA Champions League,SK Slovan Bratislava,Mjallby AIF,1.81,3.64,4.69,2026-08-11 03:40:21,9:15 pm,Tue 11/08
Football / International / UEFA Champions League,SK Sturm Graz,Fenerbahce Istanbul,3.98,3.67,1.94,2026-08-11 03:40:21,9:30 pm,Tue 11/08
Football / Scotland / Challenge Cup,Montrose FC,Fraserburgh,1.26,5.7,9.92,2026-08-11 03:40:21,9:45 pm,Tue 11/08
Football / Scotland / Challenge Cup,Edinburgh City FC,Cowdenbeath FC,1.48,4.55,5.69,2026-08-11 03:40:21,9:45 pm,Tue 11/08
Football / Scotland / Challenge Cup,Forfar Athletic FC,Aberdeen FC B U21,1.63,4.24,4.54,2026-08-11 03:40:21,9:45 pm,Tue 11/08
Football / Scotland / Challenge Cup,East Kilbride FC,Kilmarnock FC B U21,1.14,7.93,14.88,2026-08-11 03:40:21,9:45 pm,Tue 11/08
Football / Scotland / Challenge Cup,Clydebank FC,Hibernian B U21,1.7,4.21,4.06,2026-08-11 03:40:21,9:45 pm,Tue 11/08
Football / Scotland / Challenge Cup,Clyde FC,St Mirren B U21,1.3,5.43,8.4,2026-08-11 03:40:21,9:45 pm,Tue 11/08
Football / Scotland / Challenge Cup,Queen of the South FC,Cumbernauld Colts FC,1.25,5.93,9.63,2026-08-11 03:40:21,9:45 pm,Tue 11/08
Football / Scotland / Challenge Cup,Elgin City FC,Ross County FC,6.45,4.86,1.41,2026-08-11 03:40:21,9:45 pm,Tue 11/08
Football / Scotland / Challenge Cup,Clachnacuddin FC,Dundee United B U21,1.49,4.86,5.21,2026-08-11 03:40:21,9:45 pm,Tue 11/08
Football / Scotland / Challenge Cup,Gala Fairydean Rovers,Glasgow Rangers FC B U21,2.84,4.18,2.09,2026-08-11 03:40:21,9:45 pm,Tue 11/08
Football / Scotland / Challenge Cup,Alloa Athletic FC,Stranraer FC,1.81,3.77,3.97,2026-08-11 03:40:21,9:45 pm,Tue 11/08
Football / Scotland / Challenge Cup,Dumbarton FC,Airdrieonians FC,4.86,4.27,1.59,2026-08-11 03:40:21,9:45 pm,Tue 11/08
Football / Scotland / Challenge Cup,Stirling Albion FC,Cove Rangers FC,3.02,3.46,2.22,2026-08-11 03:40:21,9:45 pm,Tue 11/08
Football / Scotland / Challenge Cup,Berwick Rangers,Heart of Midlothian B U21,2.04,4.18,2.94,2026-08-11 03:40:21,9:45 pm,Tue 11/08
Football / Scotland / Challenge Cup,Formartine United,Dundee FC B,1.73,3.96,4.16,2026-08-11 03:40:21,9:45 pm,Tue 11/08
Football / Scotland / Challenge Cup,East Fife FC,Spartans FC,1.81,3.87,3.87,2026-08-11 03:40:21,9:45 pm,Tue 11/08
Football / Scotland / Challenge Cup,Kelty Hearts FC,Motherwell B U21,1.27,5.46,9.94,2026-08-11 03:40:21,9:45 pm,Tue 11/08
Football / Scotland / Challenge Cup,Bonnyrigg Rose,Annan Athletic FC,2.57,3.86,2.37,2026-08-11 03:40:21,9:45 pm,Tue 11/08
Football / Scotland / Challenge Cup,Banks O´Dee FC,Peterhead FC,5.46,4.47,1.51,2026-08-11 03:40:21,9:45 pm,Tue 11/08
Football / International / UEFA Champions League,Olympique Lyon,Sparta Prague,1.44,4.92,7.03,2026-08-11 03:40:21,10:00 pm,Tue 11/08
Football / Paraguay / Copa Paraguay,Independiente Campo Grande,Sportivo Ameliano,6.81,4.57,1.42,2026-08-11 03:40:21,10:30 pm,Tue 11/08
"Football / Brazil / Paulista, Women",AD Taubate SP Women,SE Palmeiras SP Women,28.0,8.2,1.06,2026-08-11 03:40:21,12:00 am,Wed 12/08
Football / International / Copa Libertadores,Fluminense FC RJ,Independiente Rivadavia,1.73,3.69,4.99,2026-08-11 03:40:21,1:00 am,Wed 12/08
"Football / Argentina / Liga Profesional, Reserves",CA River Plate (Arg),CD Godoy Cruz,1.48,4.19,6.41,2026-08-11 03:40:21,1:00 am,Wed 12/08
Football / International / Copa Sudamericana,Boca Juniors,Recoleta FC,1.23,6.2,13.0,2026-08-11 03:40:21,1:00 am,Wed 12/08
Football / Brazil / Brasileiro Serie B,Avai FC SC,CR Brasil AL,2.73,3.22,2.68,2026-08-11 03:40:21,1:30 am,Wed 12/08
Football / Chile / Primera B,Puerto Montt,Union Espanola,2.14,3.27,3.36,2026-08-11 03:40:21,2:00 am,Wed 12/08
Football / International / Leagues Cup,Charlotte FC,CF Pachuca,1.83,4.0,3.95,2026-08-11 03:40:21,2:30 am,Wed 12/08
Football / International / Leagues Cup,Columbus Crew,Pumas UNAM,1.61,4.35,4.99,2026-08-11 03:40:21,2:30 am,Wed 12/08
Football / International / CONCACAF Central American Cup,CD Plaza Amador Panama City,CSD Xelaju MC,2.27,3.0,3.05,2026-08-11 03:40:21,3:00 am,Wed 12/08
Football / Argentina / Liga Profesional,CA Talleres de Cordoba,CA Lanus,2.45,2.83,3.46,2026-08-11 03:40:21,3:00 am,Wed 12/08
Football / International / Leagues Cup,FC Cincinnati,Atlas FC,1.54,4.59,5.45,2026-08-11 03:40:21,3:10 am,Wed 12/08
Football / International / Copa Libertadores,Estudiantes de La Plata,CD Universidad Catolica,1.62,3.8,5.8,2026-08-11 03:40:21,3:30 am,Wed 12/08
Football / International / Leagues Cup,Minnesota United FC,Atlante FC,2.01,3.77,3.48,2026-08-11 03:40:21,3:30 am,Wed 12/08
Football / International / Copa Sudamericana,Club Bolivar,Sao Paulo FC SP,1.86,3.6,4.2,2026-08-11 03:40:21,3:30 am,Wed 12/08
Football / International / Leagues Cup,Real Salt Lake,FC Juarez,1.66,4.22,4.74,2026-08-11 03:40:21,4:30 am,Wed 12/08
Football / International / CONCACAF Central American Cup,Real Esteli FC,Alianza FC San Salvador,1.74,3.25,4.6,2026-08-11 03:40:21,5:00 am,Wed 12/08
Football / International / CONCACAF Central American Cup,Deportivo Saprissa San Jose,Deportivo Mixco,1.45,4.0,6.2,2026-08-11 03:40:21,5:00 am,Wed 12/08
Football / International / Leagues Cup,Tigres UANL,Vancouver Whitecaps FC,1.4,5.2,7.06,2026-08-11 03:40:21,5:00 am,Wed 12/08
Football / Australia / Capital NPL 1,Brindabella Blues FC,Tuggeranong Utd,5.44,5.25,1.44,2026-08-11 03:40:21,11:30 am,Wed 12/08
Football / Australia / Australia Cup,Brunswick Juventus FC,Preston Lions FC,5.39,4.47,1.56,2026-08-11 03:40:21,12:30 pm,Wed 12/08
Football / Australia / Australia Cup,APIA Leichhardt,Sydney United 58 FC,2.13,3.74,3.2,2026-08-11 03:40:21,12:30 pm,Wed 12/08
Football / Australia / Australia Cup,North Sunshine Eagles FC,Heidelberg United FC,9.42,6.11,1.28,2026-08-11 03:40:21,12:45 pm,Wed 12/08
Football / International / UEFA Conference League,GKS Katowice,Hapoel Tel Aviv FC,2.03,3.36,3.85,2026-08-11 03:40:21,7:00 pm,Wed 12/08
Football / International / UEFA Conference League,SK Rapid,Paide Linnameeskond,1.07,11.67,29.96,2026-08-11 03:40:21,7:00 pm,Wed 12/08
Football / International / UEFA Conference League,FC Copenhagen,Debreceni VSC,1.22,6.72,12.24,2026-08-11 03:40:21,7:00 pm,Wed 12/08
Football / Greece / Super Cup,AEK Athens,OFI Crete,1.61,3.95,5.72,2026-08-11 03:40:21,8:00 pm,Wed 12/08
Football / South Africa / Premier Soccer League,Durban City FC,Lamontville Golden Arrows,2.57,3.21,2.86,2026-08-11 03:40:21,8:30 pm,Wed 12/08
Football / South Africa / Premier Soccer League,Milford FC,Siwelele FC,2.87,2.87,2.82,2026-08-11 03:40:21,8:30 pm,Wed 12/08
Football / South Africa / Premier Soccer League,AmaZulu FC,Orlando Pirates FC,7.16,3.83,1.54,2026-08-11 03:40:21,8:30 pm,Wed 12/08
Football / South Africa / Premier Soccer League,Kaizer Chiefs,Sekhukhune United,1.57,3.98,6.17,2026-08-11 03:40:21,8:30 pm,Wed 12/08
Football / International / Club Friendly Games,Arsenal FC,Como 1907,1.48,4.84,5.93,2026-08-11 03:40:21,9:30 pm,Wed 12/08
Football / International / Club Friendly Games,Nottingham Forest,Bayer Leverkusen,3.11,3.66,2.2,2026-08-11 03:40:21,9:45 pm,Wed 12/08
Football / International / UEFA Super Cup,Paris Saint-Germain,Aston Villa,1.85,3.91,4.41,2026-08-11 03:40:21,10:00 pm,Wed 12/08
Football / International / Copa Sudamericana,Red Bull Bragantino SP,Atletico Mineiro MG,2.05,3.35,3.8,2026-08-11 03:40:21,1:00 am,Thu 13/08
Football / International / Copa Sudamericana,CA Tigre,Montevideo City Torque,1.82,3.4,4.8,2026-08-11 03:40:21,1:00 am,Thu 13/08
Football / International / Copa Libertadores,SE Palmeiras SP,Cerro Porteno,1.31,5.2,10.0,2026-08-11 03:40:21,1:00 am,Thu 13/08
Football / International / Copa Libertadores,CA Platense,Coquimbo Unido,1.95,3.15,4.5,2026-08-11 03:40:21,1:00 am,Thu 13/08
Football / Argentina / Copa Argentina,Atletico Tucuman,CA Independiente Avellaneda,3.95,3.16,2.08,2026-08-11 03:40:21,1:15 am,Thu 13/08
Football / International / Copa Libertadores,Cruzeiro EC MG,CR Flamengo RJ,2.95,3.2,2.5,2026-08-11 03:40:21,3:30 am,Thu 13/08
Football / International / UEFA Conference League,Tobol Kostanay,FK Partizan Belgrade,3.07,3.7,2.2,2026-08-11 03:40:21,6:00 pm,Thu 13/08
Football / International / UEFA Conference League,Tampereen Ilves,HNK Rijeka,5.23,3.86,1.67,2026-08-11 03:40:21,7:00 pm,Thu 13/08
Football / Finland / Kakkonen,PPJ Helsinki,Myllykosken Pallo -47,1.46,5.0,5.4,2026-08-11 03:40:21,7:00 pm,Thu 13/08
Football / International / UEFA Conference League,Tallinna FC Flora,Inter Club de Escaldes,1.93,3.68,3.85,2026-08-11 03:40:21,7:00 pm,Thu 13/08
Football / International / UEFA Conference League,Qarabag FK,FC Dynamo Kyiv,1.93,3.64,3.87,2026-08-11 03:40:21,7:00 pm,Thu 13/08
Football / Saudi Arabia / Saudi Prof. League,Abha Club,Al-Hazm,3.02,3.32,2.39,2026-08-11 03:40:21,7:15 pm,Thu 13/08
Football / International / UEFA Conference League,FC RFS,FK Jablonec,2.06,3.48,3.61,2026-08-11 03:40:21,7:30 pm,Thu 13/08
Football / International / UEFA Conference League,Tromsoe IL,FC CFR 1907 Cluj,1.52,4.44,6.03,2026-08-11 03:40:21,8:00 pm,Thu 13/08
Football / International / UEFA Europa League,Gornik Zabrze,Ferencvarosi Budapest,2.18,3.43,3.33,2026-08-11 03:40:21,8:00 pm,Thu 13/08
Football / International / UEFA Conference League,FC Dinamo Minsk,SC Braga,8.22,5.11,1.37,2026-08-11 03:40:21,8:00 pm,Thu 13/08
Football / International / UEFA Conference League,DAC 1904 Dunajska Streda,FC Twente Enschede,6.25,4.54,1.49,2026-08-11 03:40:21,8:00 pm,Thu 13/08
Football / International / UEFA Europa League,Besiktas Istanbul,FC Hradec Kralove,1.31,5.71,9.15,2026-08-11 03:40:21,8:00 pm,Thu 13/08
Football / International / UEFA Europa League,AC Omonia Nicosia,Lincoln Red Imps,1.1,9.79,24.15,2026-08-11 03:40:21,8:00 pm,Thu 13/08
Football / International / UEFA Europa League,CS Universitatea Craiova,Kuopion Palloseura,1.35,4.96,9.31,2026-08-11 03:40:21,8:00 pm,Thu 13/08
Football / International / UEFA Conference League,FC Nordsjaelland,Valur Reykjavik,1.06,13.69,33.31,2026-08-11 03:40:21,8:00 pm,Thu 13/08
Football / International / UEFA Conference League,FC Midtjylland,Bohemians Dublin FC,1.21,7.03,12.03,2026-08-11 03:40:21,8:00 pm,Thu 13/08
Football / International / UEFA Europa League,Pafos FC,FC Salzburg,3.1,3.52,2.26,2026-08-11 03:40:21,8:00 pm,Thu 13/08
Football / International / UEFA Conference League,Maxline Vitebsk,FK Borac Banja Luka,2.47,3.41,2.84,2026-08-11 03:40:21,8:00 pm,Thu 13/08
Football / International / UEFA Conference League,Hammarby IF,RKS Rakow Czestochowa,1.82,3.62,4.45,2026-08-11 03:40:21,8:00 pm,Thu 13/08
Football / International / UEFA Europa League,Vikingur Reykjavik,FC Thun,2.41,3.84,2.66,2026-08-11 03:40:21,8:30 pm,Thu 13/08
Football / International / UEFA Europa League,KI Klaksvik,KKS Lech Poznan,5.92,4.75,1.49,2026-08-11 03:40:21,8:30 pm,Thu 13/08
Football / International / UEFA Conference League,FC Vaduz,FC Inter Turku,1.81,3.84,4.23,2026-08-11 03:40:21,8:30 pm,Thu 13/08
Football / International / UEFA Conference League,NSI Runavik,FC Lugano,9.4,5.97,1.29,2026-08-11 03:40:21,8:30 pm,Thu 13/08
Football / Iceland / 1. deild,KF Aegir,Volsungur,2.07,4.06,3.12,2026-08-11 03:40:21,9:00 pm,Thu 13/08
Football / Saudi Arabia / Saudi Prof. League,Al-Shabab FC (SA),Al Qadsiah,5.73,3.76,1.64,2026-08-11 03:40:21,9:00 pm,Thu 13/08
Football / International / UEFA Conference League,Shkendija Tetovo,Hibernian FC,2.69,3.51,2.54,2026-08-11 03:40:21,9:00 pm,Thu 13/08
Football / International / UEFA Conference League,FC Drita,SP Tre Fiori,1.09,10.67,25.69,2026-08-11 03:40:21,9:00 pm,Thu 13/08
Football / International / UEFA Europa League,PFC CSKA Sofia,Maccabi Tel Aviv FC,2.25,3.32,3.28,2026-08-11 03:40:21,9:00 pm,Thu 13/08
Football / International / UEFA Conference League,FC St. Gallen 1879,FC Sheriff Tiraspol,1.3,5.87,8.83,2026-08-11 03:40:21,9:00 pm,Thu 13/08
Football / Iceland / 1. deild,UMF Grindavik,Throttur Reykjavik,4.26,4.36,1.71,2026-08-11 03:40:21,9:00 pm,Thu 13/08
Football / Iceland / 1. deild,IF Vestri,IR Reykjavik,2.29,3.95,2.77,2026-08-11 03:40:21,9:00 pm,Thu 13/08
Football / Saudi Arabia / Saudi Prof. League,Diriyah Club,Al Ahli Saudi FC,13.84,6.72,1.21,2026-08-11 03:40:21,9:00 pm,Thu 13/08
Football / International / UEFA Conference League,FC Sion,FC Noah Yerevan,1.49,4.48,6.38,2026-08-11 03:40:21,9:15 pm,Thu 13/08
Football / International / UEFA Conference League,FK Austria Wien,Beitar Jerusalem FC,2.28,3.67,2.95,2026-08-11 03:40:21,9:30 pm,Thu 13/08
Football / International / UEFA Conference League,WKW ETO FC Gyor,Riga FC,2.36,3.51,2.93,2026-08-11 03:40:21,9:30 pm,Thu 13/08
Football / International / UEFA Europa League,RSC Anderlecht,PAOK Thessaloniki,2.96,3.36,2.41,2026-08-11 03:40:21,9:30 pm,Thu 13/08
Football / International / UEFA Conference League,KAA Gent,IFK Goteborg,1.5,4.58,6.11,2026-08-11 03:40:21,9:30 pm,Thu 13/08
Football / International / UEFA Conference League,Motherwell FC,HJK Helsinki,1.74,3.85,4.61,2026-08-11 03:40:21,9:30 pm,Thu 13/08
Football / International / UEFA Europa League,Glasgow Rangers,Jagiellonia Bialystok,1.56,4.33,5.61,2026-08-11 03:40:21,9:30 pm,Thu 13/08
Football / International / UEFA Conference League,Shelbourne FC,Ajax Amsterdam,17.06,8.7,1.14,2026-08-11 03:40:21,9:45 pm,Thu 13/08
Football / International / UEFA Europa League,Heart of Midlothian FC,SL Benfica,6.5,4.94,1.44,2026-08-11 03:40:21,9:45 pm,Thu 13/08
Football / International / UEFA Conference League,FC Dinamo City,FK Auda Riga,1.95,3.56,3.9,2026-08-11 03:40:21,10:00 pm,Thu 13/08
Football / International / UEFA Conference League,HNK Hajduk Split,Vilnius FK Zalgiris,1.27,6.28,9.63,2026-08-11 03:40:21,10:00 pm,Thu 13/08
Football / International / UEFA Europa League,KF Egnatia Rrogozhine,Shamrock Rovers,2.13,3.55,3.36,2026-08-11 03:40:21,10:00 pm,Thu 13/08
Football / Iceland / 1. deild,HK Kopavogur,Leiknir Reykjavik,1.59,4.66,4.86,2026-08-11 03:40:21,10:15 pm,Thu 13/08
Football / Iceland / 1. deild,Grotta,UMF Njardvik,3.37,4.16,1.95,2026-08-11 03:40:21,10:15 pm,Thu 13/08
Football / Iceland / 1. deild,Fylkir Reykjavik,Afturelding,2.11,3.86,3.16,2026-08-11 03:40:21,10:15 pm,Thu 13/08
Football / International / Copa Libertadores,Mirassol FC SP,LDU Quito,1.77,3.5,5.0,2026-08-11 03:40:21,1:00 am,Fri 14/08
Football / International / Copa Sudamericana,Santos FC SP,CSD Macara,1.43,4.78,7.18,2026-08-11 03:40:21,1:00 am,Fri 14/08
Football / International / Copa Sudamericana,CR Vasco da Gama RJ,Club Olimpia,1.7,3.84,4.99,2026-08-11 03:40:21,1:00 am,Fri 14/08
Football / International / Copa Sudamericana,Cienciano,Botafogo FR RJ,2.35,3.39,3.04,2026-08-11 03:40:21,3:30 am,Fri 14/08
Football / International / Copa Libertadores,CA Rosario Central,SC Corinthians SP,2.31,3.05,3.45,2026-08-11 03:40:21,3:30 am,Fri 14/08
"Football / Mexico / Liga de Expansion MX, Apertura",Alebrijes de Oaxaca FC,Tepatitlan FC,2.92,3.16,2.43,2026-08-11 03:40:21,4:00 am,Fri 14/08
Football / Australia / NSW NPL 1,Sydney FC Youth,St George City FA,2.32,3.54,2.81,2026-08-11 03:40:21,12:30 pm,Fri 14/08
Football / Japan / J.League,Tokyo Verdy,Kashiwa Reysol,4.7,3.45,1.83,2026-08-11 03:40:21,1:00 pm,Fri 14/08
Football / China / Chinese Super League,Shandong Taishan FC,Qingdao Hainiu FC,1.45,5.17,5.97,2026-08-11 03:40:21,2:35 pm,Fri 14/08
Football / China / Chinese Super League,Wuhan Three Towns FC,Shanghai Port FC,3.44,3.64,2.06,2026-08-11 03:40:21,2:35 pm,Fri 14/08
Football / China / Chinese Super League,Qingdao West Coast FC,Chongqing Tonglianglong FC,2.13,3.4,3.5,2026-08-11 03:40:21,3:00 pm,Fri 14/08
Football / Russian Federation / Premier League,FC Orenburg,Lokomotiv Moscow,3.56,3.75,1.99,2026-08-11 03:40:21,5:00 pm,Fri 14/08
Football / United Arab Emirates / Arabian Gulf League,Al-Nasr Dubai CSC,Ittihad Kalba FC,1.84,3.86,4.05,2026-08-11 03:40:21,5:10 pm,Fri 14/08
Football / Finland / Veikkausliiga,Vaasan Palloseura,Turun Palloseura,1.71,3.91,4.75,2026-08-11 03:40:21,6:00 pm,Fri 14/08
Football / Finland / Ykkosliiga,JaPS,FC Haka Valkeakoski,4.17,3.77,1.84,2026-08-11 03:40:21,6:30 pm,Fri 14/08
Football / Lithuania / 1 Lyga,Be1 Nfa,Hegelmann Litauen B,1.19,5.99,10.98,2026-08-11 03:40:21,6:30 pm,Fri 14/08
Football / Romania / Liga I,SC FC Voluntari,FC Petrolul Ploiesti,2.29,3.21,3.31,2026-08-11 03:40:21,6:30 pm,Fri 14/08
Football / Lithuania / 1 Lyga,FA Siauliai B,Vilnius FK Zalgiris B,2.95,3.7,2.04,2026-08-11 03:40:21,7:00 pm,Fri 14/08
Football / Lithuania / 1 Lyga,FK Kauno Zalgiris B,FK Jonava,3.4,3.45,1.94,2026-08-11 03:40:21,7:00 pm,Fri 14/08
Football / Poland / I Liga,Pogon Grodzisk Mazowiecki,ZKS Stal Rzeszow,1.66,4.36,4.56,2026-08-11 03:40:21,7:00 pm,Fri 14/08
Football / Czech Republic / FNL,Dukla Prague,SK Slavia Prague B,1.75,3.64,4.47,2026-08-11 03:40:21,7:00 pm,Fri 14/08
Football / Lithuania / 1 Lyga,FK Ekranas,FK Minija 2017,9.0,4.9,1.27,2026-08-11 03:40:21,7:00 pm,Fri 14/08
Football / Lithuania / 1 Lyga,FK Transinvest B,FK Atmosfera,4.6,4.1,1.56,2026-08-11 03:40:21,7:00 pm,Fri 14/08
Football / Estonia / Premium Liiga,FC Nomme United,Tartu JK Tammeka,2.46,3.91,2.57,2026-08-11 03:40:21,7:00 pm,Fri 14/08
Football / Czech Republic / FNL,SK Kladno,FC Vlasim,2.81,3.24,2.47,2026-08-11 03:40:21,7:00 pm,Fri 14/08
Football / Austria / 2. Liga,FC Hertha Wels,Rapid Wien II,2.17,3.81,3.07,2026-08-11 03:40:21,7:30 pm,Fri 14/08
Football / Germany / 2nd Bundesliga,Eintracht Braunschweig,VfL Bochum,2.58,3.34,2.75,2026-08-11 03:40:21,7:30 pm,Fri 14/08
Football / Germany / 2nd Bundesliga,Holstein Kiel,FC St. Pauli,2.27,3.51,3.08,2026-08-11 03:40:21,7:30 pm,Fri 14/08
Football / Sweden / Division 2,Ahlafors IF,Grebbestads IF,1.71,4.0,3.75,2026-08-11 03:40:21,7:30 pm,Fri 14/08
Football / United Arab Emirates / Arabian Gulf League,Al Wahda FC (UAE),Ajman Club,1.81,3.87,4.16,2026-08-11 03:40:21,7:45 pm,Fri 14/08
Football / Saudi Arabia / Saudi Prof. League,Neom SC,Al-Fayha FC,1.72,3.91,4.66,2026-08-11 03:40:21,7:50 pm,Fri 14/08
Football / Denmark / 1. Division,Kolding IF,Vejle BK,3.71,3.42,2.05,2026-08-11 03:40:21,8:00 pm,Fri 14/08
Football / Sweden / Allsvenskan,IF Elfsborg,Vasteraas SK,1.88,3.74,3.97,2026-08-11 03:40:21,8:00 pm,Fri 14/08
Football / Denmark / Superliga,Viborg FF,AGF Aarhus,2.13,3.7,3.23,2026-08-11 03:40:21,8:00 pm,Fri 14/08
Football / Sweden / Superettan,Landskrona BoIS,IK Oddevold,2.45,3.56,2.77,2026-08-11 03:40:21,8:00 pm,Fri 14/08
"Football / Sweden / Ettan, Relegation/Promotion",AFC Eskilstuna,Hammarby Talang FF,4.12,4.03,1.67,2026-08-11 03:40:21,8:00 pm,Fri 14/08
Football / Norway / Eliteserien,Rosenborg BK,Viking FK,2.69,3.95,2.35,2026-08-11 03:40:21,8:00 pm,Fri 14/08
Football / Sweden / Superettan,IK Brage,Orebro SK,2.19,3.61,3.17,2026-08-11 03:40:21,8:00 pm,Fri 14/08
Football / France / National,Valenciennes FC,Football Bourg-En-Bresse Peronnas 01,2.07,3.32,3.76,2026-08-11 03:40:21,8:00 pm,Fri 14/08
"Football / Sweden / Ettan, Relegation/Promotion",Lunds BK,Hassleholms IF,1.95,3.72,3.25,2026-08-11 03:40:21,8:00 pm,Fri 14/08
Football / France / National,Quevilly-Rouen Metropole,US Concarneau,2.63,3.28,2.73,2026-08-11 03:40:21,8:00 pm,Fri 14/08
Football / Denmark / 1. Division,Aalborg BK,FC Fredericia,3.12,3.71,2.18,2026-08-11 03:40:21,8:00 pm,Fri 14/08
Football / Sweden / Damallsvenskan,Vaxjo DFF Women,Djurgardens IF DFF Women,2.86,3.64,2.24,2026-08-11 03:40:21,8:00 pm,Fri 14/08
Football / France / National,US Orleans,FC Rouen,2.81,3.06,2.72,2026-08-11 03:40:21,8:00 pm,Fri 14/08
Football / Sweden / Division 2,IF Boljan Falkenberg,Astorps FF,2.7,3.7,2.16,2026-08-11 03:40:21,8:00 pm,Fri 14/08
Football / France / National,FC Versailles 78,Le Puy-En Velay FC,2.19,3.42,3.32,2026-08-11 03:40:21,8:00 pm,Fri 14/08
Football / France / National,FC Villefranche Beaujolais,Paris 13 Atletico,2.39,3.17,3.17,2026-08-11 03:40:21,8:00 pm,Fri 14/08
Football / Sweden / Division 2,Landvetter IS,Galtabacks BK,1.51,4.2,4.9,2026-08-11 03:40:21,8:00 pm,Fri 14/08
Football / Austria / Bundesliga,LASK Linz,SV Ried,1.56,4.36,5.63,2026-08-11 03:40:21,8:30 pm,Fri 14/08
Football / Sweden / Division 2,Lindome GIF,BK Astrio,1.51,4.6,4.6,2026-08-11 03:40:21,8:30 pm,Fri 14/08
Football / Netherlands / Eredivisie,SC Telstar,Sparta Rotterdam,2.41,3.72,2.96,2026-08-11 03:40:21,9:00 pm,Fri 14/08
Football / Netherlands / Eerste Divisie,FC Eindhoven,MVV Maastricht,1.87,4.07,3.73,2026-08-11 03:40:21,9:00 pm,Fri 14/08
Football / Netherlands / Eerste Divisie,Almere City FC,Jong PSV Eindhoven YOUTH,1.69,4.44,4.29,2026-08-11 03:40:21,9:00 pm,Fri 14/08
Football / Saudi Arabia / Saudi Prof. League,Al-Ittifaq FC,Al-Riyadh SC,2.17,3.61,3.21,2026-08-11 03:40:21,9:00 pm,Fri 14/08
Football / Belgium / Challenger Pro League,RFC Seraing,KSC Lokeren-Temse,2.72,3.6,2.35,2026-08-11 03:40:21,9:00 pm,Fri 14/08
Football / Argentina / Primera Nacional,CA Acassuso,CA Ferrocarril Midland,3.7,2.95,2.27,2026-08-11 03:40:21,9:00 pm,Fri 14/08
Football / Netherlands / Eerste Divisie,RKC Waalwijk,FC Dordrecht,1.86,3.9,3.92,2026-08-11 03:40:21,9:00 pm,Fri 14/08
Football / Netherlands / Eerste Divisie,Roda JC Kerkrade,Helmond Sport,1.75,4.04,4.32,2026-08-11 03:40:21,9:00 pm,Fri 14/08
Football / Bulgaria / Parva Liga,FC CSKA 1948,PFC Cherno More Varna,1.77,3.53,4.97,2026-08-11 03:40:21,9:15 pm,Fri 14/08
Football / Austria / 2. Liga,SKN St Polten,Blau-Weiss Linz,2.77,3.75,2.37,2026-08-11 03:40:21,9:30 pm,Fri 14/08
Football / Turkey / Super Lig,Galatasaray Istanbul,Corum FK,1.23,7.69,12.14,2026-08-11 03:40:21,9:30 pm,Fri 14/08
Football / Poland / Ekstraklasa,Legia Warszawa,RKS Radomiak Radom,1.61,4.23,5.22,2026-08-11 03:40:21,9:30 pm,Fri 14/08
Football / Romania / Liga I,ACS Champions FC Arges,FC Farul Constanta,2.24,3.22,3.42,2026-08-11 03:40:21,9:30 pm,Fri 14/08
Football / Spain / LaLiga 2,Real Sociedad San Sebastian B,CD Castellon,3.74,3.76,1.94,2026-08-11 03:40:21,9:30 pm,Fri 14/08
Football / Turkey / 1. Lig,Esenler Erokspor,Sariyer SK,1.82,3.91,4.06,2026-08-11 03:40:21,9:30 pm,Fri 14/08
Football / Belgium / Pro League,Cercle Brugge,St. Truidense VV,2.4,3.67,3.01,2026-08-11 03:40:21,9:45 pm,Fri 14/08
Football / Scotland / League Cup,Kilmarnock FC,Ayr United FC,1.55,4.26,5.94,2026-08-11 03:40:21,9:45 pm,Fri 14/08
Football / France / Ligue 2,Stade Reims,USL Dunkerque,1.72,3.88,4.74,2026-08-11 03:40:21,9:45 pm,Fri 14/08
Football / France / Ligue 2,Nancy-Lorraine,Montpellier HSC,2.75,3.45,2.52,2026-08-11 03:40:21,9:45 pm,Fri 14/08
Football / France / Ligue 2,EA Guingamp,US Boulogne,1.77,3.69,4.67,2026-08-11 03:40:21,9:45 pm,Fri 14/08
Football / France / Ligue 2,AS Saint-Etienne,Clermont Foot 63,1.58,4.33,5.37,2026-08-11 03:40:21,9:45 pm,Fri 14/08
Football / France / Ligue 2,FC Annecy,Rodez Aveyron Football,2.16,3.52,3.31,2026-08-11 03:40:21,9:45 pm,Fri 14/08
Football / England / Championship,Wolverhampton Wanderers,Blackburn Rovers,1.59,4.36,5.89,2026-08-11 03:40:21,10:00 pm,Fri 14/08
Football / Poland / I Liga,Ruch Chorzow,KS Lechia Gdansk,1.33,5.54,8.7,2026-08-11 03:40:21,10:00 pm,Fri 14/08
Football / Portugal / Liga Portugal,Sporting CP,Vitoria SC Guimaraes,1.25,7.48,11.34,2026-08-11 03:40:21,10:15 pm,Fri 14/08
Football / Peru / Primera Division,Atletico Grau,Comerciantes Unidos,1.89,3.37,4.46,2026-08-11 03:40:21,11:00 pm,Fri 14/08
"Football / Paraguay / Division de Honor, Apertura",Recoleta FC,CS 2 de Mayo,2.57,3.07,2.82,2026-08-11 03:40:21,12:30 am,Sat 15/08
Football / Uruguay / Primera Division,CA Boston River,Danubio FC,2.33,3.08,3.37,2026-08-11 03:40:21,1:00 am,Sat 15/08
Football / Brazil / Brasileiro Serie B,Sao Bernardo FC,Botafogo FC SP,2.33,3.05,3.4,2026-08-11 03:40:21,1:30 am,Sat 15/08
Football / Brazil / Brasileiro Serie B,AA Ponte Preta SP,Nautico PE,3.8,3.5,1.99,2026-08-11 03:40:21,1:30 am,Sat 15/08
Football / Chile / Primera Division,Universidad de Concepcion,Deportes La Serena,2.41,3.39,2.94,2026-08-11 03:40:21,2:00 am,Sat 15/08
"Football / Colombia / Primera A, Apertura",Llaneros FC,CD Tolima,2.84,3.19,2.6,2026-08-11 03:40:21,2:00 am,Sat 15/08
Football / Peru / Primera Division,Cusco FC,Juan Pablo II College,1.43,4.86,6.94,2026-08-11 03:40:21,2:00 am,Sat 15/08
Football / Brazil / Brasileiro Serie B,SC Recife PE,Londrina EC PR,1.69,3.79,5.19,2026-08-11 03:40:21,2:30 am,Sat 15/08
Football / Argentina / Liga Profesional,Racing Club Avellaneda,CA Banfield,1.62,3.6,6.39,2026-08-11 03:40:21,2:30 am,Sat 15/08
Football / Ecuador / LigaPro Primera A,CSD Independiente del Valle,Delfin SC,1.2,6.74,14.86,2026-08-11 03:40:21,3:00 am,Sat 15/08
Football / USA / National Womens Soccer League,Gotham FC Women,Kansas City Current Women,1.85,3.59,3.98,2026-08-11 03:40:21,3:00 am,Sat 15/08
"Football / Mexico / Liga de Expansion MX, Apertura",CD Mineros de Zacatecas,Venados FC,2.11,3.5,3.21,2026-08-11 03:40:21,4:00 am,Sat 15/08
"Football / Mexico / Liga de Expansion MX, Apertura",CF Correcaminos UAT,CD Tapatio,1.86,3.54,3.98,2026-08-11 03:40:21,4:00 am,Sat 15/08
Football / Canada / Canadian Premier League,Vancouver FC,Pacific FC,1.39,4.85,6.99,2026-08-11 03:40:21,4:00 am,Sat 15/08
Football / USA / National Womens Soccer League,Utah Royals FC Women,Bay FC Women,1.76,4.1,3.9,2026-08-11 03:40:21,5:00 am,Sat 15/08
"Football / Costa Rica / Primera Division, Apertura",AD San Carlos,CS Herediano,3.75,3.12,2.07,2026-08-11 03:40:21,5:00 am,Sat 15/08
Football / USA / National Womens Soccer League,Seattle Reign FC Women,Chicago Stars FC Women,1.44,4.57,6.41,2026-08-11 03:40:21,5:00 am,Sat 15/08
Football / USA / National Womens Soccer League,San Diego Wave FC Women,Denver Summit FC Women,1.81,3.84,3.89,2026-08-11 03:40:21,5:00 am,Sat 15/08
Football / Australia / NSW NPL 1,Western Sydney Youth,St George Saints FC,1.98,3.78,3.34,2026-08-11 03:40:21,8:00 am,Sat 15/08
Football / Australia / NSW NPL 1,Sydney Olympic FC,Sydney United 58 FC,4.22,3.83,1.75,2026-08-11 03:40:21,10:00 am,Sat 15/08
Football / Australia / NSW NPL 1,Manly United FC,NWS Spirit,2.7,3.48,2.42,2026-08-11 03:40:21,10:00 am,Sat 15/08
Football / Japan / J.League,Kashima Antlers,Nagoya Grampus,1.77,3.68,4.7,2026-08-11 03:40:21,12:00 pm,Sat 15/08
Football / Japan / J.League,Mito Hollyhock,Gamba Osaka,2.82,3.27,2.57,2026-08-11 03:40:21,12:00 pm,Sat 15/08
Football / Japan / J.League,Shimizu S-Pulse,Yokohama F Marinos,2.46,3.33,2.91,2026-08-11 03:40:21,12:30 pm,Sat 15/08
Football / Japan / J.League,Fagiano Okayama,V-Varen Nagasaki,2.21,3.27,3.43,2026-08-11 03:40:21,12:55 pm,Sat 15/08
Football / Japan / J.League,Kawasaki Frontale,Kyoto Sanga FC,2.21,3.49,3.2,2026-08-11 03:40:21,1:00 pm,Sat 15/08
Football / Japan / J.League,Urawa Red Diamonds,Sanfrecce Hiroshima,3.96,3.57,1.93,2026-08-11 03:40:21,1:00 pm,Sat 15/08
Football / Japan / J.League,Vissel Kobe,FC Tokyo,2.28,3.25,3.3,2026-08-11 03:40:21,1:00 pm,Sat 15/08
Football / Japan / J.League,JEF United Chiba,Machida Zelvia,3.95,3.31,2.02,2026-08-11 03:40:21,1:00 pm,Sat 15/08
Football / Portugal / Liga Portugal 2,SCU Torreense,FC Penafiel,1.79,3.55,4.7,2026-08-11 03:40:21,1:00 pm,Sat 15/08
Football / Lithuania / 1 Lyga,FK Garliava,FK Tauras Taurage,2.9,3.5,2.13,2026-08-11 03:40:21,1:00 pm,Sat 15/08
Football / Poland / II Liga,Slask II Wroclaw,MKS Chojniczanka Chojnice,3.5,3.5,2.01,2026-08-11 03:40:21,1:00 pm,Sat 15/08
Football / Japan / J.League,Avispa Fukuoka,Cerezo Osaka,2.71,3.22,2.69,2026-08-11 03:40:21,1:00 pm,Sat 15/08
Football / Republic of Korea / K-League 1,FC Seoul,Daejeon Citizen FC,1.96,3.51,3.91,2026-08-11 03:40:21,1:30 pm,Sat 15/08
Football / Republic of Korea / K-League 2,Busan IPark,Hwaseong FC,2.08,3.48,3.33,2026-08-11 03:40:21,1:30 pm,Sat 15/08
Football / Republic of Korea / K-League 2,Gimhae FC,Gyeongnam FC,3.39,3.39,2.08,2026-08-11 03:40:21,1:30 pm,Sat 15/08
Football / Republic of Korea / K-League 2,Chungbuk Cheongju FC,Jeonnam Dragons,2.5,3.34,2.7,2026-08-11 03:40:21,1:30 pm,Sat 15/08
Football / Republic of Korea / K-League 2,Suwon Bluewings,Suwon FC,2.02,3.58,3.38,2026-08-11 03:40:21,1:30 pm,Sat 15/08
Football / Republic of Korea / K-League 1,Gwangju FC,FC Pohang Steelers,4.26,3.25,1.97,2026-08-11 03:40:21,1:30 pm,Sat 15/08
Football / Republic of Korea / K-League 1,Jeju SK FC,FC Anyang,2.4,3.24,3.08,2026-08-11 03:40:21,1:30 pm,Sat 15/08
Football / Germany / 2nd Bundesliga,Hertha BSC,1. FC Heidenheim,2.12,3.72,3.24,2026-08-11 03:40:21,2:00 pm,Sat 15/08
"Football / Sweden / Ettan, Relegation/Promotion",Karlbergs BK,IFK Stocksund,1.56,4.44,4.44,2026-08-11 03:40:21,2:00 pm,Sat 15/08
Football / Sweden / Division 2,Jonsereds IF,Onsala BK,2.31,3.75,2.5,2026-08-11 03:40:21,2:00 pm,Sat 15/08
"Football / Sweden / Ettan, Relegation/Promotion",Angelholms FF,FC Trollhattan,1.92,3.85,3.22,2026-08-11 03:40:21,2:00 pm,Sat 15/08
Football / Sweden / Superettan,Ljungskile SK,Osters IF,1.94,3.95,3.55,2026-08-11 03:40:21,2:00 pm,Sat 15/08
Football / Germany / 2nd Bundesliga,Greuther Furth,1 FC Nuremberg,2.98,3.56,2.31,2026-08-11 03:40:21,2:00 pm,Sat 15/08
Football / Germany / 2nd Bundesliga,VfL 1899 Osnabruck,1. FC Magdeburg,2.39,3.64,2.8,2026-08-11 03:40:21,2:00 pm,Sat 15/08
Football / Russian Federation / Premier League,Rodina Moscow,FK Akron Tolyatti,2.41,3.7,2.74,2026-08-11 03:40:21,2:00 pm,Sat 15/08
"Football / Sweden / Ettan, Relegation/Promotion",Gefle IF,Umea FC,2.14,3.76,2.8,2026-08-11 03:40:21,2:00 pm,Sat 15/08
Football / China / Chinese Super League,Liaoning Tieren FC,Shenzhen Peng City,2.23,3.65,3.05,2026-08-11 03:40:21,2:00 pm,Sat 15/08
Football / Denmark / 1. Division,Hillerod Fodbold,Aarhus Fremad,2.5,3.55,2.7,2026-08-11 03:40:21,2:00 pm,Sat 15/08
"Football / Sweden / Ettan, Relegation/Promotion",BK Olympic,Ariana FC,3.08,3.76,2.0,2026-08-11 03:40:21,2:00 pm,Sat 15/08
Football / England / League Two,Newport County,Rochdale AFC,3.05,3.34,2.37,2026-08-11 03:40:21,2:30 pm,Sat 15/08
Football / England / League One,Notts County,Leicester City,3.57,3.46,2.08,2026-08-11 03:40:21,2:30 pm,Sat 15/08
Football / England / League One,Reading FC,Luton Town,3.3,3.5,2.17,2026-08-11 03:40:21,2:30 pm,Sat 15/08
Football / England / League Two,Oldham Athletic,Port Vale,2.6,3.3,2.75,2026-08-11 03:40:21,2:30 pm,Sat 15/08
Football / England / Championship,Bolton Wanderers,Preston North End,2.27,3.43,3.37,2026-08-11 03:40:21,2:30 pm,Sat 15/08
Football / England / League One,Oxford United,Milton Keynes Dons,2.18,3.37,3.39,2026-08-11 03:40:21,2:30 pm,Sat 15/08
Football / China / Chinese Super League,Zhejiang FC,Chengdu Rongcheng,2.85,3.8,2.29,2026-08-11 03:40:21,2:35 pm,Sat 15/08
Football / China / Chinese Super League,Tianjin Jinmen Tiger,Beijing Guoan,3.25,3.65,2.13,2026-08-11 03:40:21,2:35 pm,Sat 15/08
Football / Finland / Kakkonen,Abo IFK Turku,Espoon Palloseura,1.51,4.6,5.2,2026-08-11 03:40:21,3:00 pm,Sat 15/08
Football / Denmark / 1. Division,Esbjerg FB,Hobro IK,2.0,3.69,3.59,2026-08-11 03:40:21,3:00 pm,Sat 15/08
Football / China / Chinese Super League,Shanghai Shenhua FC,Henan,1.94,3.95,3.55,2026-08-11 03:40:21,3:00 pm,Sat 15/08
Football / Germany / 3. Liga,Rot-Weiss Essen,TSV Havelse,1.27,6.81,8.52,2026-08-11 03:40:21,3:00 pm,Sat 15/08
Football / Finland / Kakkonen,HIFK,Atlantis FC,1.61,4.79,4.19,2026-08-11 03:40:21,3:00 pm,Sat 15/08
Football / China / Chinese Super League,Yunnan Yukun,Dalian Yingbo FC,2.1,3.9,3.15,2026-08-11 03:40:21,3:00 pm,Sat 15/08
Football / Poland / Ekstraklasa,Zaglebie Lubin,WKS Slask Wroclaw,2.29,3.42,3.12,2026-08-11 03:40:21,3:45 pm,Sat 15/08
Football / Finland / Ykkosliiga,JIPPO,SJK Akatemia,1.42,4.6,7.6,2026-08-11 03:40:21,4:00 pm,Sat 15/08
Football / Uruguay / Primera Division,CA Cerro,Albion FC,3.5,3.0,2.31,2026-08-11 03:40:21,4:00 pm,Sat 15/08
Football / Finland / Kakkonen,FC Honka,P-Iirot,1.22,6.6,10.0,2026-08-11 03:40:21,4:00 pm,Sat 15/08
Football / Sweden / Superettan,Nordic United FC,Varbergs BoIS,2.41,3.5,2.85,2026-08-11 03:40:21,4:00 pm,Sat 15/08
Football / Finland / Kakkonen,Musan Salama,Esbo Bollklubb,3.09,4.09,1.99,2026-08-11 03:40:21,4:00 pm,Sat 15/08
Football / Sweden / Superettan,GIF Sundsvall,Helsingborgs IF,3.19,3.64,2.16,2026-08-11 03:40:21,4:00 pm,Sat 15/08
Football / International / AFF Championship,Singapore,Thailand,6.0,3.75,1.51,2026-08-11 03:40:21,4:00 pm,Sat 15/08
Football / Portugal / Liga Portugal 2,UD Leiria,SL Benfica B,2.1,3.55,3.4,2026-08-11 03:40:21,4:00 pm,Sat 15/08
Football / Sweden / Allsvenskan,Mjallby AIF,IK Sirius,3.26,3.75,2.1,2026-08-11 03:40:21,4:00 pm,Sat 15/08
Football / Russian Federation / Premier League,CSKA Moscow,FC Fakel Voronezh,1.37,4.98,8.55,2026-08-11 03:40:21,4:15 pm,Sat 15/08
Football / Finland / Kakkonen,VPS Akatemia,JS Hercules,1.25,6.99,7.98,2026-08-11 03:40:21,4:30 pm,Sat 15/08
Football / Poland / I Liga,Pogon Siedlce,Polonia Warszawa,4.6,3.95,1.72,2026-08-11 03:40:21,4:30 pm,Sat 15/08
Football / Poland / I Liga,Chrobry Glogow,Podbeskidzie Bielsko-Biała,2.55,3.49,2.7,2026-08-11 03:40:21,4:30 pm,Sat 15/08
Football / Poland / I Liga,Odra Opole,Warta Poznan,2.04,3.6,3.55,2026-08-11 03:40:21,4:30 pm,Sat 15/08
Football / Norway / 1st Division,Lyn 1896 FK,Odds BK,3.1,3.85,2.14,2026-08-11 03:40:21,5:00 pm,Sat 15/08
Football / England / League One,Bradford City FC,Peterborough United,1.71,3.84,4.84,2026-08-11 03:40:21,5:00 pm,Sat 15/08
Football / England / League One,Cambridge United,Wigan Athletic,2.41,3.23,3.08,2026-08-11 03:40:21,5:00 pm,Sat 15/08
Football / England / League One,Leyton Orient London,Sheffield Wednesday,3.04,3.47,2.31,2026-08-11 03:40:21,5:00 pm,Sat 15/08
Football / England / League One,Blackpool FC,Wycombe Wanderers,2.52,3.42,2.77,2026-08-11 03:40:21,5:00 pm,Sat 15/08
Football / England / League One,Burton Albion,Stevenage FC,2.33,3.17,3.28,2026-08-11 03:40:21,5:00 pm,Sat 15/08
Football / England / National League,Yeovil Town,Carlisle United,3.99,3.69,1.89,2026-08-11 03:40:21,5:00 pm,Sat 15/08
Football / England / League Two,York City FC,Bristol Rovers,2.23,3.3,3.35,2026-08-11 03:40:21,5:00 pm,Sat 15/08
Football / England / National League,Barrow AFC,Hornchurch FC,1.61,4.07,5.46,2026-08-11 03:40:21,5:00 pm,Sat 15/08
Football / England / Championship,Norwich City,West Bromwich Albion,2.05,3.6,3.79,2026-08-11 03:40:21,5:00 pm,Sat 15/08
Football / England / Championship,Stoke City,Swansea City,2.44,3.41,3.05,2026-08-11 03:40:21,5:00 pm,Sat 15/08
Football / England / Championship,Charlton Athletic,Derby County,2.71,3.36,2.75,2026-08-11 03:40:21,5:00 pm,Sat 15/08
Football / England / Championship,Middlesbrough FC,Lincoln City,1.35,5.64,8.92,2026-08-11 03:40:21,5:00 pm,Sat 15/08
Football / Scotland / League 1,Hamilton Academical FC,Airdrieonians FC,1.88,3.65,4.1,2026-08-11 03:40:21,5:00 pm,Sat 15/08
Football / Czech Republic / FNL,FK Arsenal Ceska Lipa,MFK Karvina,4.21,3.53,1.82,2026-08-11 03:40:21,5:00 pm,Sat 15/08
Football / Scotland / League 2,Forfar Athletic FC,Stirling Albion FC,2.35,3.57,2.74,2026-08-11 03:40:21,5:00 pm,Sat 15/08
Football / Scotland / League Cup,Dunfermline Athletic FC,Ross County FC,2.21,3.3,3.35,2026-08-11 03:40:21,5:00 pm,Sat 15/08
Football / Scotland / League 2,Elgin City FC,Kelty Hearts FC,2.74,3.67,2.31,2026-08-11 03:40:21,5:00 pm,Sat 15/08
Football / Scotland / League 1,Peterhead FC,East Fife FC,2.22,3.55,3.15,2026-08-11 03:40:21,5:00 pm,Sat 15/08
Football / England / National League,Sutton United,Altrincham FC,2.04,3.78,3.38,2026-08-11 03:40:21,5:00 pm,Sat 15/08
Football / England / League Two,Barnet FC,Salford City,2.42,3.35,2.95,2026-08-11 03:40:21,5:00 pm,Sat 15/08
Football / Scotland / League 1,Alloa Athletic FC,Montrose FC,1.84,3.8,4.1,2026-08-11 03:40:21,5:00 pm,Sat 15/08
Football / Northern Ireland / Premiership,Coleraine FC,Larne FC,2.1,3.49,3.24,2026-08-11 03:40:21,5:00 pm,Sat 15/08
Football / England / League Two,Cheltenham Town,Rotherham United,2.7,3.4,2.6,2026-08-11 03:40:21,5:00 pm,Sat 15/08
Football / Finland / Kakkonen,HPS,Union Plaani,1.54,4.78,4.68,2026-08-11 03:40:21,5:00 pm,Sat 15/08
Football / Scotland / League 1,East Kilbride FC,Cove Rangers FC,1.47,4.7,6.4,2026-08-11 03:40:21,5:00 pm,Sat 15/08
Football / Scotland / League 2,Dumbarton FC,Edinburgh City FC,1.94,3.58,3.63,2026-08-11 03:40:21,5:00 pm,Sat 15/08
Football / Norway / 1st Division,Ranheim,Stroemsgodset IF,4.49,4.89,1.61,2026-08-11 03:40:21,5:00 pm,Sat 15/08
Football / England / National League,Tamworth FC,AFC Fylde,2.14,3.88,3.08,2026-08-11 03:40:21,5:00 pm,Sat 15/08
Football / England / National League,Wealdstone FC,Harrogate Town,3.38,3.78,2.04,2026-08-11 03:40:21,5:00 pm,Sat 15/08
Football / Scotland / League Cup,Aberdeen FC,Dundee FC,2.11,3.55,3.4,2026-08-11 03:40:21,5:00 pm,Sat 15/08
Football / Denmark / 1. Division,HB Koege,Hvidovre IF,2.95,3.6,2.31,2026-08-11 03:40:21,5:00 pm,Sat 15/08
"Football / Sweden / Ettan, Relegation/Promotion",Sollentuna FK,FC Jarfalla,2.01,3.61,3.17,2026-08-11 03:40:21,5:00 pm,Sat 15/08
"Football / Sweden / Ettan, Relegation/Promotion",Kristianstad FC,Tvaakers IF,2.2,3.47,2.89,2026-08-11 03:40:21,5:00 pm,Sat 15/08
Football / England / National League,Gateshead FC,Woking FC,2.73,3.67,2.43,2026-08-11 03:40:21,5:00 pm,Sat 15/08
Football / England / League Two,Gillingham FC,Walsall FC,2.21,3.45,3.25,2026-08-11 03:40:21,5:00 pm,Sat 15/08
Football / Lithuania / 1 Lyga,FC Neptunas Klaipeda,FK Babrungas Plunge,2.6,3.15,2.5,2026-08-11 03:40:21,5:00 pm,Sat 15/08
Football / England / League Two,Crawley Town,Crewe Alexandra,2.59,3.34,2.74,2026-08-11 03:40:21,5:00 pm,Sat 15/08
Football / England / League Two,Grimsby Town,Exeter City,1.83,3.7,4.3,2026-08-11 03:40:21,5:00 pm,Sat 15/08
Football / England / League Two,Tranmere Rovers FC,Shrewsbury Town,2.31,3.35,3.15,2026-08-11 03:40:21,5:00 pm,Sat 15/08
Football / England / League Two,Northampton Town,Swindon Town,2.16,3.5,3.3,2026-08-11 03:40:21,5:00 pm,Sat 15/08
Football / England / National League,Aldershot Town FC,Hartlepool United,3.24,3.79,2.09,2026-08-11 03:40:21,5:00 pm,Sat 15/08
Football / Northern Ireland / Premiership,Portadown FC,Dungannon Swifts,2.61,3.45,2.51,2026-08-11 03:40:21,5:00 pm,Sat 15/08
Football / Scotland / League 2,Annan Athletic FC,Clyde FC,2.98,3.67,2.16,2026-08-11 03:40:21,5:00 pm,Sat 15/08
Football / England / National League,Southend United,Scunthorpe United,1.71,4.07,4.57,2026-08-11 03:40:21,5:00 pm,Sat 15/08
Football / England / National League,Kidderminster Harriers FC,Eastleigh FC,1.87,3.88,3.88,2026-08-11 03:40:21,5:00 pm,Sat 15/08
Football / England / National League,Worthing FC,Forest Green Rovers,3.08,3.73,2.19,2026-08-11 03:40:21,5:00 pm,Sat 15/08
Football / Northern Ireland / Premiership,Bangor FC,Cliftonville FC,3.78,3.73,1.86,2026-08-11 03:40:21,5:00 pm,Sat 15/08
Football / Poland / Ekstraklasa,Jagiellonia Bialystok,Pogon Szczecin,2.26,3.55,3.08,2026-08-11 03:40:21,5:00 pm,Sat 15/08
Football / Northern Ireland / Premiership,Crusaders FC,Ballymena United,2.99,3.88,2.09,2026-08-11 03:40:21,5:00 pm,Sat 15/08
Football / Finland / Kakkonen,Puistolan Urheilijat,FC Kiffen,3.35,4.0,1.92,2026-08-11 03:40:21,5:00 pm,Sat 15/08
"Football / Sweden / Ettan, Relegation/Promotion",Laholms FK,Jonkopings Sodra IF,4.14,3.81,1.71,2026-08-11 03:40:21,5:00 pm,Sat 15/08
Football / England / National League,Solihull Moors FC,Boston United FC,2.43,3.67,2.73,2026-08-11 03:40:21,5:00 pm,Sat 15/08
Football / Finland / Kakkonen,HJS,Grankulla IFK,1.64,4.4,4.3,2026-08-11 03:40:21,5:00 pm,Sat 15/08
Football / England / National League,FC Halifax Town,Boreham Wood FC,3.22,3.71,2.13,2026-08-11 03:40:21,5:00 pm,Sat 15/08
Football / Norway / 1st Division,Bryne FK,Moss FK,1.7,4.19,4.49,2026-08-11 03:40:21,5:00 pm,Sat 15/08
Football / England / Championship,Bristol City,Millwall FC,2.55,3.48,2.85,2026-08-11 03:40:21,5:00 pm,Sat 15/08
Football / England / Championship,Portsmouth FC,Queens Park Rangers,2.3,3.56,3.18,2026-08-11 03:40:21,5:00 pm,Sat 15/08
Football / England / League One,Barnsley FC,Bromley FC,1.96,3.6,3.81,2026-08-11 03:40:21,5:00 pm,Sat 15/08
Football / England / League One,Mansfield Town,Doncaster Rovers,2.11,3.47,3.46,2026-08-11 03:40:21,5:00 pm,Sat 15/08
Football / England / League One,Huddersfield Town,AFC Wimbledon,1.66,4.06,4.94,2026-08-11 03:40:21,5:00 pm,Sat 15/08
Football / England / League Two,Accrington Stanley,Colchester United,2.49,3.29,2.89,2026-08-11 03:40:21,5:00 pm,Sat 15/08
Football / England / League One,Plymouth Argyle,Stockport County FC,2.32,3.54,2.97,2026-08-11 03:40:21,5:00 pm,Sat 15/08
Football / Northern Ireland / Premiership,Linfield FC,Glentoran FC,2.94,3.33,2.32,2026-08-11 03:40:21,5:00 pm,Sat 15/08
Football / England / League Two,Chesterfield FC,Fleetwood Town,1.88,3.55,4.2,2026-08-11 03:40:21,5:00 pm,Sat 15/08
Football / Norway / Eliteserien,KFUM Oslo,Lillestroem SK,2.65,3.65,2.51,2026-08-11 03:40:21,5:00 pm,Sat 15/08
Football / Belgium / Pro League,Union Saint-Gilloise,SV Zulte Waregem,1.37,5.71,8.36,2026-08-11 03:40:21,5:00 pm,Sat 15/08
Football / Scotland / League 2,Stranraer FC,Spartans FC,2.94,3.43,2.28,2026-08-11 03:40:21,5:00 pm,Sat 15/08
Football / Kazakhstan / Premier League,FC Kairat Almaty,Ulytau FC,1.41,4.78,7.47,2026-08-11 03:40:21,5:00 pm,Sat 15/08
Football / Finland / Kakkonen,FF Jaro Akademia U23,Huima/Urho,2.5,4.4,2.25,2026-08-11 03:40:21,5:00 pm,Sat 15/08
Football / Portugal / Liga Portugal,FC Alverca SAD,Estrela Amadora,2.3,3.36,3.46,2026-08-11 03:40:21,5:30 pm,Sat 15/08
Football / Portugal / Liga Portugal 2,Sporting Lisbon B,GD Chaves,2.7,3.4,2.6,2026-08-11 03:40:21,5:30 pm,Sat 15/08
Football / Germany / 3. Liga,SC Verl,MSV Duisburg,2.28,3.67,2.95,2026-08-11 03:40:21,5:30 pm,Sat 15/08
Football / Netherlands / Eredivisie,Willem II Tilburg,NEC Nijmegen,5.39,4.91,1.58,2026-08-11 03:40:21,5:30 pm,Sat 15/08
Football / Poland / II Liga,OKS Swit Szczecin,Sandecja Nowy Sacz,2.64,3.57,2.43,2026-08-11 03:40:21,6:00 pm,Sat 15/08
Football / Finland / Kakkonen,FC Vaajakoski,GBK Kokkola,2.37,4.2,2.43,2026-08-11 03:40:21,6:00 pm,Sat 15/08
Football / Lithuania / 1 Lyga,Dfk Dainava Alytus,Baltijos Futbolo Akademija,2.14,3.4,2.95,2026-08-11 03:40:21,6:00 pm,Sat 15/08
Football / Sweden / Superettan,Sandvikens IF,IFK Norrkoping FK,3.79,3.74,1.93,2026-08-11 03:40:21,6:00 pm,Sat 15/08
Football / Czech Republic / FNL,FK Pribram,1.SK Prostejov,1.71,3.72,4.6,2026-08-11 03:40:21,6:00 pm,Sat 15/08
Football / Czech Republic / 1. Liga,Sparta Prague,FK Teplice,1.36,5.12,8.47,2026-08-11 03:40:21,6:00 pm,Sat 15/08
Football / Spain / LaLiga 2,FC Andorra,AD Ceuta,1.67,4.01,4.94,2026-08-11 03:40:21,6:00 pm,Sat 15/08
Football / Kazakhstan / Premier League,Kaisar Kyzylorda,FC Aktobe,2.68,3.37,2.63,2026-08-11 03:40:21,6:00 pm,Sat 15/08
Football / Sweden / Superettan,Falkenbergs FF,Norrby IF,1.83,3.85,4.1,2026-08-11 03:40:21,6:00 pm,Sat 15/08
Football / Czech Republic / 1. Liga,FK Pardubice,FK Mlada Boleslav,2.11,3.82,3.19,2026-08-11 03:40:21,6:00 pm,Sat 15/08
Football / Czech Republic / 1. Liga,1. FC Slovacko Uherske Hradiste,SK Sigma Olomouc,2.99,3.31,2.42,2026-08-11 03:40:21,6:00 pm,Sat 15/08
Football / Austria / Bundesliga,Austria Lustenau,Wolfsberger AC,3.62,3.49,2.05,2026-08-11 03:40:21,6:00 pm,Sat 15/08
Football / Finland / Ykkosliiga,PK-35 Helsinki,HJK Klubi 04,1.66,3.93,5.17,2026-08-11 03:40:21,6:00 pm,Sat 15/08
Football / Kazakhstan / Premier League,FC Ordabasy,FC Altai Oskemen,1.25,6.0,12.0,2026-08-11 03:40:21,6:00 pm,Sat 15/08
Football / Russian Federation / Premier League,FK Rostov,FK Rubin Kazan,2.14,3.18,3.74,2026-08-11 03:40:21,6:30 pm,Sat 15/08
Football / Poland / Ekstraklasa,GKS Piast Gliwice,Wieczysta Krakow,2.19,3.54,3.21,2026-08-11 03:40:21,6:30 pm,Sat 15/08
Football / Austria / 2. Liga,FAC Wien,SKU Amstetten,2.7,3.4,2.6,2026-08-11 03:40:21,6:30 pm,Sat 15/08
Football / Austria / 2. Liga,SK Sturm Graz II,FC Admira Wacker Modling,4.19,3.89,1.8,2026-08-11 03:40:21,6:30 pm,Sat 15/08
Football / Romania / Liga I,AFK Csikszereda Miercurea Ciuc,ACS Sepsi OSK Sfantu Gheorghe,2.7,3.2,2.7,2026-08-11 03:40:21,6:30 pm,Sat 15/08
Football / Argentina / Primera B,Deportivo Camioneros,Deportivo Merlo,2.01,3.2,4.1,2026-08-11 03:40:21,7:00 pm,Sat 15/08
Football / Turkey / 1. Lig,Istanbulspor AS,Bodrum FK,2.79,3.28,2.59,2026-08-11 03:40:21,7:00 pm,Sat 15/08
Football / Czech Republic / FNL,FC Silon Taborsko,SFC Opava,2.09,3.43,3.33,2026-08-11 03:40:21,7:00 pm,Sat 15/08
Football / Slovenia / PrvaLiga,Nafta 1903 Lendava,NK Celje,4.3,4.2,1.72,2026-08-11 03:40:21,7:00 pm,Sat 15/08
Football / Turkey / Super Lig,Konyaspor,Caykur Rizespor,2.51,3.52,2.95,2026-08-11 03:40:21,7:00 pm,Sat 15/08
Football / Slovakia / Superliga,MFK Skalica,FK Kosice,3.35,3.65,2.1,2026-08-11 03:40:21,7:00 pm,Sat 15/08
Football / Slovakia / Superliga,SK Slovan Bratislava,MFK Ruzomberok,1.35,5.38,7.97,2026-08-11 03:40:21,7:00 pm,Sat 15/08
Football / Uruguay / Primera Division,CA Juventud de Las Piedras,Montevideo City Torque,2.43,3.2,3.05,2026-08-11 03:40:21,7:00 pm,Sat 15/08
Football / Czech Republic / FNL,SK Hanacka Slavia Kromeriz,FC Vysocina Jihlava,2.32,3.33,2.94,2026-08-11 03:40:21,7:00 pm,Sat 15/08
Football / Finland / Kakkonen,Tampereen Ilves 2,Nurmijarven Jalkapalloseura,1.11,8.4,20.0,2026-08-11 03:40:21,7:00 pm,Sat 15/08
Football / Turkey / Super Lig,Kasimpasa Istanbul,Trabzonspor,4.17,3.89,1.9,2026-08-11 03:40:21,7:00 pm,Sat 15/08
Football / Bulgaria / Parva Liga,PFC Slavia Sofia,PFC Levski Sofia,7.2,4.5,1.45,2026-08-11 03:40:21,7:00 pm,Sat 15/08
Football / Finland / Veikkausliiga,IFK Mariehamn,Seinajoen JK,5.79,4.89,1.49,2026-08-11 03:40:21,7:00 pm,Sat 15/08
Football / Turkey / 1. Lig,Fatih Karagumruk Istanbul,Umraniyespor,1.8,3.69,4.49,2026-08-11 03:40:21,7:00 pm,Sat 15/08
Football / Saudi Arabia / Saudi Prof. League,Al-Taawoun FC,Al-Khaleej Club,1.83,4.0,3.95,2026-08-11 03:40:21,7:15 pm,Sat 15/08
Football / Belgium / Pro League,KV Kortrijk,Royal Antwerp FC,2.74,3.37,2.78,2026-08-11 03:40:21,7:15 pm,Sat 15/08
Football / Austria / 2. Liga,Kapfenberger SV,Wacker Innsbruck,2.95,3.7,2.27,2026-08-11 03:40:21,7:30 pm,Sat 15/08
Football / Austria / 2. Liga,Young Violets Wien,Austria Salzburg,2.85,3.39,2.48,2026-08-11 03:40:21,7:30 pm,Sat 15/08
Football / Austria / 2. Liga,ASK Voitsberg,Schwarz-Weiss Bregenz,1.71,4.1,4.4,2026-08-11 03:40:21,7:30 pm,Sat 15/08
Football / Croatia / HNL,NK Istra 1961,NK Slaven Belupo,1.99,3.45,3.85,2026-08-11 03:40:21,7:30 pm,Sat 15/08
Football / England / Championship,Sheffield United,Birmingham City,2.54,3.41,2.92,2026-08-11 03:40:21,7:30 pm,Sat 15/08
Football / United Arab Emirates / Arabian Gulf League,Khor Fakkan Club,Shabab Al Ahli Dubai,5.6,4.6,1.52,2026-08-11 03:40:21,7:45 pm,Sat 15/08
Football / Scotland / League Cup,Dundee United,Celtic Glasgow,4.99,4.19,1.64,2026-08-11 03:40:21,7:45 pm,Sat 15/08
Football / Netherlands / Eredivisie,FC Utrecht,AZ Alkmaar,2.77,3.86,2.49,2026-08-11 03:40:21,7:45 pm,Sat 15/08
Football / Finland / Ykkosliiga,FC KTP Kotka,KaPa Kapylan Pallo,1.3,5.98,8.97,2026-08-11 03:40:21,8:00 pm,Sat 15/08
Football / Poland / II Liga,CWKS Resovia,GKS Tychy,3.18,3.33,2.19,2026-08-11 03:40:21,8:00 pm,Sat 15/08
Football / Serbia / Superliga,FK Radnik Surdulica,FK Macva Sabac,1.76,3.7,4.7,2026-08-11 03:40:21,8:00 pm,Sat 15/08
Football / Spain / LaLiga 2,Real Oviedo,Granada CF,1.75,3.71,4.79,2026-08-11 03:40:21,8:00 pm,Sat 15/08
Football / Spain / LaLiga 2,Cadiz CF,RC Celta Fortuna,2.04,3.46,3.7,2026-08-11 03:40:21,8:00 pm,Sat 15/08
Football / Iceland / Besta deild,Thor Akureyri,Keflavik IF,3.05,4.2,2.06,2026-08-11 03:40:21,8:00 pm,Sat 15/08
Football / Argentina / Liga Profesional,CA San Lorenzo de Almagro,Union de Santa Fe,2.82,2.94,2.82,2026-08-11 03:40:21,8:30 pm,Sat 15/08
Football / Spain / LaLiga,Deportivo Alaves,Getafe CF,2.49,2.89,3.65,2026-08-11 03:40:21,8:30 pm,Sat 15/08
Football / Austria / Bundesliga,SK Sturm Graz,SCR Altach,1.69,3.9,4.92,2026-08-11 03:40:21,8:30 pm,Sat 15/08
Football / Argentina / Liga Profesional,CA Aldosivi,CA Tigre,2.95,2.68,2.95,2026-08-11 03:40:21,8:30 pm,Sat 15/08
Football / Russian Federation / Premier League,FK Krasnodar,RFK Akhmat Grozny,1.51,4.48,6.02,2026-08-11 03:40:21,8:45 pm,Sat 15/08
Football / Argentina / Primera C,ASD Justo Jose de Urquiza,Club El Porvenir,3.23,2.84,2.33,2026-08-11 03:40:21,9:00 pm,Sat 15/08
Football / Argentina / Primera C,CA Victoriano Arenas,CA General Lamadrid,2.71,3.1,2.51,2026-08-11 03:40:21,9:00 pm,Sat 15/08
Football / Argentina / Primera C,Deportivo Paraguayo,CS Barracas,3.22,2.89,2.31,2026-08-11 03:40:21,9:00 pm,Sat 15/08
Football / Saudi Arabia / Saudi Prof. League,Al-Ittihad Club,Al-Kholood,1.56,4.4,5.4,2026-08-11 03:40:21,9:00 pm,Sat 15/08
Football / Argentina / Primera B,Argentino de Merlo,CA Ituzaingo,1.69,3.7,5.2,2026-08-11 03:40:21,9:00 pm,Sat 15/08
Football / Argentina / Primera B,CSD San Martin,Club Comunicaciones,2.6,3.2,2.8,2026-08-11 03:40:21,9:00 pm,Sat 15/08
Football / Serbia / Superliga,FK Zeleznicar Pancevo,FK Crvena Zvezda Belgrade,9.98,5.59,1.3,2026-08-11 03:40:21,9:00 pm,Sat 15/08
Football / Argentina / Primera B,Arsenal de Sarandi,CA Talleres de Remedios,2.47,3.05,3.15,2026-08-11 03:40:21,9:00 pm,Sat 15/08
Football / Argentina / Primera C,CA Claypole,Club Mercedes,2.15,3.08,3.33,2026-08-11 03:40:21,9:00 pm,Sat 15/08
Football / Argentina / Primera B,CA Excursionistas,CSCD Laferrere,1.98,3.3,4.1,2026-08-11 03:40:21,9:00 pm,Sat 15/08
Football / Argentina / Primera Nacional,CA San Miguel,CA Colegiales,2.27,2.8,3.95,2026-08-11 03:40:21,9:00 pm,Sat 15/08
Football / Argentina / Primera B,Villa Dalmine,CA Brown de Adrogue,1.83,3.4,4.7,2026-08-11 03:40:21,9:00 pm,Sat 15/08
Football / Argentina / Primera Nacional,CA Estudiantes,Chacarita Juniors,1.84,3.15,5.2,2026-08-11 03:40:21,9:00 pm,Sat 15/08
Football / Argentina / Primera C,AD Berazategui,CA Fenix Pilar,1.78,3.17,4.71,2026-08-11 03:40:21,9:00 pm,Sat 15/08
Football / Saudi Arabia / Saudi Prof. League,Al Nassr Club,Al-Fateh SC,1.12,10.0,17.0,2026-08-11 03:40:21,9:00 pm,Sat 15/08
Football / Czech Republic / 1. Liga,FC Viktoria Plzen,FC Zlin,1.24,6.33,11.33,2026-08-11 03:40:21,9:00 pm,Sat 15/08
Football / Peru / Primera Division,Asociacion Deportiva Tarma,Alianza Atletico,2.04,3.4,3.75,2026-08-11 03:40:21,9:00 pm,Sat 15/08
Football / Argentina / Primera B,Real Pilar FC,CSD Flandria,1.99,3.24,4.19,2026-08-11 03:40:21,9:00 pm,Sat 15/08
Football / Argentina / Primera B,CS Italiano,CS Dock Sud,2.14,3.2,3.7,2026-08-11 03:40:21,9:00 pm,Sat 15/08
Football / Argentina / Primera C,CA Atlas,Argentino de Rosario,2.14,3.18,3.23,2026-08-11 03:40:21,9:00 pm,Sat 15/08
Football / Argentina / Primera C,Canuelas FC,Club Estrella Del Sur (Alejandro Korn),2.24,2.89,3.37,2026-08-11 03:40:21,9:00 pm,Sat 15/08
Football / Netherlands / Eredivisie,Excelsior Rotterdam,PSV Eindhoven,4.87,4.75,1.65,2026-08-11 03:40:21,9:00 pm,Sat 15/08
Football / Bulgaria / Parva Liga,PFC Ludogorets 1945 Razgrad,Botev Plovdiv,1.62,4.1,5.2,2026-08-11 03:40:21,9:15 pm,Sat 15/08
Football / Slovenia / PrvaLiga,Olimpija Ljubljana,NK Maribor,3.55,3.5,2.07,2026-08-11 03:40:21,9:15 pm,Sat 15/08
Football / Poland / Ekstraklasa,Widzew Lodz,Korona Kielce,1.99,3.41,3.92,2026-08-11 03:40:21,9:15 pm,Sat 15/08
Football / Turkey / Super Lig,Gaziantep FK,Alanyaspor,2.64,3.52,2.79,2026-08-11 03:40:21,9:30 pm,Sat 15/08
Football / Germany / 2nd Bundesliga,1 FC Kaiserslautern,Karlsruher SC,1.9,3.95,3.72,2026-08-11 03:40:21,9:30 pm,Sat 15/08
Football / Romania / Liga I,Rapid Bucuresti 1923,FC Dinamo Bucuresti 1948,2.47,3.29,2.94,2026-08-11 03:40:21,9:30 pm,Sat 15/08
Football / Slovakia / Superliga,FK Zeleziarne Podbrezova,AS Trencin,1.58,4.4,5.2,2026-08-11 03:40:21,9:30 pm,Sat 15/08
Football / Turkey / Super Lig,Genclerbirligi SK,Fenerbahce Istanbul,6.56,4.89,1.5,2026-08-11 03:40:21,9:30 pm,Sat 15/08
Football / Turkey / 1. Lig,Bursaspor,Igdir FK,1.5,4.4,6.4,2026-08-11 03:40:21,9:30 pm,Sat 15/08
Football / Turkey / 1. Lig,Manisa Futbol Kulubu,Van Spor FK,2.19,3.5,3.25,2026-08-11 03:40:21,9:30 pm,Sat 15/08
Football / Belgium / Pro League,KRC Genk,KVC Westerlo,1.8,4.25,4.33,2026-08-11 03:40:21,9:45 pm,Sat 15/08
Football / Belgium / Pro League,Oud-Heverlee Leuven,Club Brugge,6.67,5.28,1.46,2026-08-11 03:40:21,9:45 pm,Sat 15/08
Football / Serbia / Superliga,FK Cukaricki Belgrade,OFK Beograd,2.06,3.55,3.5,2026-08-11 03:40:21,10:00 pm,Sat 15/08
Football / Brazil / Brasileiro Serie B,Criciuma EC SC,Goias EC GO,1.93,3.19,4.59,2026-08-11 03:40:21,10:00 pm,Sat 15/08
Football / Brazil / Brasileiro Serie B,AC Goianiense GO,Vila Nova FC GO,1.97,3.29,4.18,2026-08-11 03:40:21,10:00 pm,Sat 15/08
Football / Brazil / Brasileiro Serie B,Ceara SC CE,Cuiaba EC MT,2.15,3.05,3.9,2026-08-11 03:40:21,10:00 pm,Sat 15/08
Football / Ecuador / LigaPro Primera A,Manta FC,Leones Futbol Club,2.9,3.0,2.7,2026-08-11 03:40:21,10:00 pm,Sat 15/08
Football / Croatia / HNL,NK Osijek,NK Lokomotiva Zagreb,2.01,3.3,4.0,2026-08-11 03:40:21,10:00 pm,Sat 15/08
Football / Netherlands / Eredivisie,Fortuna Sittard,SC Cambuur,1.79,4.28,4.33,2026-08-11 03:40:21,10:00 pm,Sat 15/08
Football / Uruguay / Primera Division,Racing Club Montevideo,Club Nacional de Football,3.8,3.1,2.15,2026-08-11 03:40:21,10:30 pm,Sat 15/08
Football / Portugal / Liga Portugal,Rio Ave FC,FC Porto,7.12,4.96,1.47,2026-08-11 03:40:21,10:30 pm,Sat 15/08
Football / Spain / LaLiga,Sevilla FC,Rayo Vallecano,2.38,3.28,3.37,2026-08-11 03:40:21,10:30 pm,Sat 15/08
Football / Brazil / Brasileiro Serie A,Fluminense FC RJ,SE Palmeiras SP,2.79,3.15,2.67,2026-08-11 03:40:21,10:30 pm,Sat 15/08
Football / Spain / LaLiga 2,RCD Mallorca,Real Valladolid,1.72,3.56,5.3,2026-08-11 03:40:21,10:30 pm,Sat 15/08
Football / Argentina / Liga Profesional,Estudiantes de La Plata,Gimnasia y Esgrima La Plata,2.05,3.1,4.18,2026-08-11 03:40:21,10:45 pm,Sat 15/08
Football / Argentina / Primera Nacional,Mitre Santiago del Estero,CA Guemes,1.79,3.2,5.6,2026-08-11 03:40:21,11:00 pm,Sat 15/08
Football / Argentina / Primera Nacional,CD Godoy Cruz,CD Maipu,1.69,3.44,5.99,2026-08-11 03:40:21,11:00 pm,Sat 15/08
Football / Argentina / Primera Nacional,Quilmes AC,CA San Telmo,1.64,3.6,6.19,2026-08-11 03:40:21,11:00 pm,Sat 15/08
Football / Argentina / Primera Nacional,CA Racing de Cordoba,San Martin de San Juan,2.26,2.85,3.9,2026-08-11 03:40:21,11:00 pm,Sat 15/08
Football / Argentina / Primera Nacional,Gimnasia y Esgrima de Jujuy,CA Chaco For Ever,1.53,3.9,7.0,2026-08-11 03:40:21,11:00 pm,Sat 15/08
Football / Argentina / Primera Nacional,Deportivo Moron,Club Almagro,1.71,3.34,5.98,2026-08-11 03:40:21,11:00 pm,Sat 15/08
Football / Argentina / Primera Nacional,San Martin de Tucuman,Deportivo Madryn,2.06,2.95,4.4,2026-08-11 03:40:21,11:00 pm,Sat 15/08
Football / Argentina / Primera Nacional,Atletico de Rafaela,CA Defensores de Belgrano,2.47,2.75,3.55,2026-08-11 03:40:21,11:00 pm,Sat 15/08
Football / Argentina / Primera Nacional,Colon de Santa Fe,CA Patronato Parana,1.75,3.3,5.6,2026-08-11 03:40:21,11:00 pm,Sat 15/08
Football / Argentina / Primera Nacional,CA Central Norte Salta,Gimnasia Y Tiro de Salta,3.19,2.74,2.69,2026-08-11 03:40:21,11:00 pm,Sat 15/08
Football / Argentina / Primera Nacional,Ferro Carril Oeste,CA Atlanta,1.94,3.05,4.8,2026-08-11 03:40:21,11:00 pm,Sat 15/08
Football / Argentina / Primera Nacional,Agropecuario Argentino,Club Ciudad de Bolivar,1.92,3.15,4.7,2026-08-11 03:40:21,11:00 pm,Sat 15/08
Football / Peru / Primera Division,Los Chankas CYC,FBC Melgar,3.0,3.4,2.36,2026-08-11 03:40:21,11:30 pm,Sat 15/08
Football / Canada / Canadian Premier League,Cavalry FC,Forge FC Hamilton,2.08,3.29,3.49,2026-08-11 03:40:21,12:00 am,Sun 16/08
Football / Ecuador / LigaPro Primera A,Guayaquil City FC,Libertad Loja,2.14,3.25,3.65,2026-08-11 03:40:21,12:30 am,Sun 16/08
Football / Brazil / Brasileiro Serie A,CA Paranaense PR,Red Bull Bragantino SP,2.06,3.28,3.86,2026-08-11 03:40:21,12:30 am,Sun 16/08
Football / Chile / Primera Division,Deportes Limache,Universidad de Chile,3.6,3.6,2.02,2026-08-11 03:40:21,12:30 am,Sun 16/08
Football / Brazil / Brasileiro Serie B,EC Juventude RS,Fortaleza EC CE,2.14,3.05,3.9,2026-08-11 03:40:21,12:30 am,Sun 16/08
"Football / Costa Rica / Primera Division, Apertura",Liga Deportiva Alajuelense,Puntarenas FC,1.45,4.32,6.67,2026-08-11 03:40:21,1:00 am,Sun 16/08
Football / Uruguay / Primera Division,Montevideo Wanderers,Cerro Largo FC,2.27,3.15,3.4,2026-08-11 03:40:21,1:00 am,Sun 16/08
Football / Argentina / Liga Profesional,CA Belgrano de Cordoba,Independiente Rivadavia,1.96,3.16,4.47,2026-08-11 03:40:21,1:00 am,Sun 16/08
Football / Argentina / Liga Profesional,Newell's Old Boys,Deportivo Riestra AFBC,2.1,2.93,4.28,2026-08-11 03:40:21,1:00 am,Sun 16/08
Football / USA / National Womens Soccer League,Racing Louisville FC Women,Boston Legacy FC Women,2.86,3.59,2.26,2026-08-11 03:40:21,1:30 am,Sun 16/08
Football / USA / USL Championship,Detroit City FC,Loudoun United FC,1.58,4.29,5.38,2026-08-11 03:40:21,2:00 am,Sun 16/08
Football / USA / USL Championship,Hartford Athletic,Miami FC,1.84,3.85,4.0,2026-08-11 03:40:21,2:00 am,Sun 16/08
Football / USA / USL Championship,Pittsburgh Riverhounds,Charleston Battery,2.8,3.25,2.6,2026-08-11 03:40:21,2:00 am,Sun 16/08
Football / USA / USL Championship,Sporting Jax,Indy Eleven,3.2,3.8,2.1,2026-08-11 03:40:21,2:00 am,Sun 16/08
"Football / Mexico / Liga MX, Apertura",Atlante FC,Deportivo Toluca FC,6.53,4.66,1.46,2026-08-11 03:40:21,2:00 am,Sun 16/08
Football / USA / Major League Soccer,Orlando City SC,FC Cincinnati,2.23,4.19,2.75,2026-08-11 03:40:21,2:30 am,Sun 16/08
Football / USA / Major League Soccer,CF Montreal,DC United,2.2,3.65,3.11,2026-08-11 03:40:21,2:30 am,Sun 16/08
Football / USA / Major League Soccer,Toronto FC,New England Revolution,2.13,3.7,3.21,2026-08-11 03:40:21,2:30 am,Sun 16/08
Football / USA / USL Championship,Tampa Bay Rowdies,Rhode Island FC,1.8,3.85,4.2,2026-08-11 03:40:21,2:30 am,Sun 16/08
Football / USA / Major League Soccer,Charlotte FC,Columbus Crew,2.24,3.73,2.97,2026-08-11 03:40:21,2:30 am,Sun 16/08
Football / USA / Major League Soccer,Atlanta United FC,New York Red Bulls,1.88,4.12,3.65,2026-08-11 03:40:21,2:30 am,Sun 16/08
Football / Ecuador / LigaPro Primera A,Mushuc Runa SC,Barcelona SC,2.34,3.29,3.14,2026-08-11 03:40:21,3:00 am,Sun 16/08
Football / Brazil / Brasileiro Serie A,Sao Paulo FC SP,Coritiba FC PR,1.67,3.81,5.25,2026-08-11 03:40:21,3:00 am,Sun 16/08
Football / Chile / Primera Division,CD Everton Vina del Mar,Audax Italiano,2.01,3.5,3.75,2026-08-11 03:40:21,3:00 am,Sun 16/08
Football / Argentina / Liga Profesional,CA Platense,Boca Juniors,3.68,2.92,2.3,2026-08-11 03:40:21,3:15 am,Sun 16/08
Football / Peru / Primera Division,Alianza Lima,UTC de Cajamarca,1.25,6.0,12.0,2026-08-11 03:40:21,3:30 am,Sun 16/08
Football / USA / Major League Soccer,Nashville SC,Inter Miami CF,2.29,3.77,2.88,2026-08-11 03:40:21,3:30 am,Sun 16/08
Football / USA / Major League Soccer,Houston Dynamo,Los Angeles Galaxy,1.71,4.1,4.52,2026-08-11 03:40:21,3:30 am,Sun 16/08
Football / USA / National Womens Soccer League,Portland Thorns FC Women,Orlando Pride Women,1.95,3.63,3.53,2026-08-11 03:40:21,3:45 am,Sun 16/08
Football / USA / USL Championship,Colorado Springs Switchbacks FC,Birmingham Legion FC,1.6,4.3,5.2,2026-08-11 03:40:21,4:00 am,Sun 16/08
"Football / Mexico / Liga MX, Apertura",CF Monterrey,FC Juarez,1.5,4.71,5.82,2026-08-11 03:40:21,4:00 am,Sun 16/08
Football / USA / USL Championship,San Antonio FC,El Paso Locomotive FC,2.33,3.35,3.1,2026-08-11 03:40:21,4:00 am,Sun 16/08
"Football / Mexico / Liga de Expansion MX, Apertura",CSD Dorados Sinaloa,Tlaxcala FC,2.45,3.43,2.7,2026-08-11 03:40:21,4:00 am,Sun 16/08
Football / USA / USL Championship,New Mexico United,FC Tulsa,2.31,3.4,3.1,2026-08-11 03:40:21,4:30 am,Sun 16/08
Football / USA / Major League Soccer,Real Salt Lake,Minnesota United FC,1.72,4.01,4.56,2026-08-11 03:40:21,4:30 am,Sun 16/08
Football / USA / Major League Soccer,Colorado Rapids,Sporting Kansas City,1.49,4.84,5.81,2026-08-11 03:40:21,4:30 am,Sun 16/08
"Football / Costa Rica / Primera Division, Apertura",Deportivo Saprissa San Jose,CS Cartagines,1.87,3.24,4.42,2026-08-11 03:40:21,5:00 am,Sun 16/08
Football / USA / USL Championship,Orange County SC,Louisville City FC,4.1,3.8,1.83,2026-08-11 03:40:21,5:00 am,Sun 16/08
Football / USA / USL Championship,Oakland Roots SC,Monterey Bay FC,1.81,3.8,4.2,2026-08-11 03:40:21,5:00 am,Sun 16/08
Football / USA / Major League Soccer,San Jose Earthquakes,Saint Louis City SC,2.0,3.9,3.4,2026-08-11 03:40:21,5:30 am,Sun 16/08
Football / USA / Major League Soccer,Los Angeles FC,San Diego FC,1.6,4.63,4.82,2026-08-11 03:40:21,5:30 am,Sun 16/08
Football / USA / USL Championship,Las Vegas Lights,Brooklyn FC,1.96,3.85,3.55,2026-08-11 03:40:21,5:30 am,Sun 16/08
Football / USA / USL Championship,Sacramento Republic FC,Lexington SC,2.15,3.4,3.45,2026-08-11 03:40:21,6:00 am,Sun 16/08
"Football / Mexico / Liga MX, Apertura",Atlas FC,Tigres UANL,3.35,3.35,2.21,2026-08-11 03:40:21,6:10 am,Sun 16/08
Football / Czech Republic / FNL,FK Viktoria Zizkov,FC Banik Ostrava B,2.11,3.53,3.19,2026-08-11 03:40:21,11:15 am,Sun 16/08
Football / Austria / 2. Liga,First Vienna FC 1894,FC Liefering,2.31,3.6,2.95,2026-08-11 03:40:21,11:30 am,Sun 16/08
Football / Portugal / Liga Portugal 2,Portimonense SAD,FC Vizela,3.59,3.25,2.16,2026-08-11 03:40:21,1:00 pm,Sun 16/08
Football / Netherlands / Eredivisie,ADO Den Haag,FC Groningen,2.81,3.83,2.47,2026-08-11 03:40:21,1:15 pm,Sun 16/08
Football / Republic of Korea / K-League 2,Seoul E-Land FC,Ansan Greeners FC,1.3,5.49,8.24,2026-08-11 03:40:21,1:30 pm,Sun 16/08
Football / Republic of Korea / K-League 2,Gimpo FC,Cheonan City FC,1.88,3.53,3.92,2026-08-11 03:40:21,1:30 pm,Sun 16/08
Football / Republic of Korea / K-League 2,Daegu FC,Chungnam Asan FC,1.87,3.73,3.73,2026-08-11 03:40:21,1:30 pm,Sun 16/08
Football / Republic of Korea / K-League 1,Incheon United FC,Gimcheon Sangmu FC,2.14,3.32,3.56,2026-08-11 03:40:21,1:30 pm,Sun 16/08
Football / Republic of Korea / K-League 1,Bucheon FC 1995,Jeonbuk FC,4.6,3.7,1.78,2026-08-11 03:40:21,1:30 pm,Sun 16/08
Football / Republic of Korea / K-League 1,Ulsan HD FC,Gangwon FC,2.7,3.26,2.68,2026-08-11 03:40:21,1:30 pm,Sun 16/08
Football / Sweden / Superettan,IFK Varnamo,Ostersunds FK,2.7,3.49,2.55,2026-08-11 03:40:21,2:00 pm,Sun 16/08
Football / Belgium / Pro League,SK Beveren,RSC Anderlecht,3.61,3.49,2.18,2026-08-11 03:40:21,2:30 pm,Sun 16/08
Football / Russian Federation / Premier League,FK Zenit Saint Petersburg,FK Dinamo Moscow,1.61,4.12,5.32,2026-08-11 03:40:21,2:30 pm,Sun 16/08
Football / Germany / 3. Liga,Hansa Rostock,SV Waldhof Mannheim 07,1.62,4.55,4.72,2026-08-11 03:40:21,2:30 pm,Sun 16/08
Football / Germany / 2nd Bundesliga,Arminia Bielefeld,Energie Cottbus,1.92,3.83,3.74,2026-08-11 03:40:21,2:30 pm,Sun 16/08
Football / Germany / 2nd Bundesliga,Dynamo Dresden,SV Darmstadt 98,2.14,3.68,3.22,2026-08-11 03:40:21,2:30 pm,Sun 16/08
Football / Kazakhstan / Premier League,FC Irtysh Pavlodar,Tobol Kostanay,3.04,3.39,2.34,2026-08-11 03:40:21,3:00 pm,Sun 16/08
Football / Sweden / Allsvenskan,Degerfors IF,IFK Goteborg,2.98,3.46,2.35,2026-08-11 03:40:21,3:00 pm,Sun 16/08
Football / Sweden / Allsvenskan,Djurgardens IF,AIK,1.49,4.75,5.91,2026-08-11 03:40:21,3:00 pm,Sun 16/08
Football / Sweden / Allsvenskan,IF Brommapojkarna,Orgryte IS,1.78,4.11,4.1,2026-08-11 03:40:21,3:00 pm,Sun 16/08
Football / Denmark / 1. Division,Vendsyssel FF,AB Gladsaxe,2.59,3.59,2.59,2026-08-11 03:40:21,3:00 pm,Sun 16/08
Football / Denmark / Superliga,FC Nordsjaelland,Silkeborg IF,1.38,5.49,7.07,2026-08-11 03:40:21,3:00 pm,Sun 16/08
Football / Denmark / Superliga,Odense Boldklub,AC Horsens,1.69,4.01,4.78,2026-08-11 03:40:21,3:00 pm,Sun 16/08
Football / England / Championship,Watford FC,Southampton FC,3.38,3.63,2.18,2026-08-11 03:40:21,3:30 pm,Sun 16/08
Football / Netherlands / Eredivisie,Feyenoord Rotterdam,Go Ahead Eagles,1.44,5.66,6.59,2026-08-11 03:40:21,3:30 pm,Sun 16/08
Football / Netherlands / Eredivisie,FC Twente Enschede,PEC Zwolle,1.29,7.0,9.45,2026-08-11 03:40:21,3:30 pm,Sun 16/08
Football / Norway / Eliteserien,Aalesunds FK,Vaalerenga IF,2.85,3.98,2.23,2026-08-11 03:40:21,3:30 pm,Sun 16/08
Football / Poland / Ekstraklasa,LKP Motor Lublin,GKS Katowice,2.66,3.59,2.53,2026-08-11 03:40:21,3:45 pm,Sun 16/08
Football / Scotland / League Cup,Heart of Midlothian FC,Inverness Caledonian Thistle FC,1.2,6.4,15.0,2026-08-11 03:40:21,4:00 pm,Sun 16/08
Football / Finland / Veikkausliiga,HJK Helsinki,FF Jaro,1.31,5.8,8.4,2026-08-11 03:40:21,4:00 pm,Sun 16/08
Football / International / AFF Championship,Malaysia,Vietnam,5.2,3.5,1.62,2026-08-11 03:40:21,4:00 pm,Sun 16/08
Football / Czech Republic / 1. Liga,FC Banik Ostrava,SK Artis Brno,1.45,4.7,6.79,2026-08-11 03:40:21,4:00 pm,Sun 16/08
Football / Scotland / League Cup,Hibernian FC,Partick Thistle FC,1.43,4.59,7.59,2026-08-11 03:40:21,4:00 pm,Sun 16/08
Football / Scotland / League Cup,Stenhousemuir FC,Motherwell FC,8.8,5.6,1.32,2026-08-11 03:40:21,4:00 pm,Sun 16/08
Football / Kazakhstan / Premier League,FC Kyzylzhar SK,FC Astana,3.87,3.47,1.98,2026-08-11 03:40:21,5:00 pm,Sun 16/08
Football / Belgium / Challenger Pro League,K Beerschot VA,Jeugd KAA Gent B YOUTH,1.4,4.81,6.68,2026-08-11 03:40:21,5:00 pm,Sun 16/08
Football / Belgium / Pro League,RAAL La Louviere,KAA Gent,2.99,3.47,2.51,2026-08-11 03:40:21,5:00 pm,Sun 16/08
Football / Russian Federation / Premier League,PFK Krylia Sovetov Samara,FC Dynamo-Makhachkala,2.55,3.05,3.03,2026-08-11 03:40:21,5:00 pm,Sun 16/08
Football / Finland / Veikkausliiga,FC Lahti,Kuopion Palloseura,2.55,3.55,2.65,2026-08-11 03:40:21,5:00 pm,Sun 16/08
Football / Uruguay / Primera Division,CA Progreso,Deportivo Maldonado,3.5,3.25,2.18,2026-08-11 03:40:21,5:00 pm,Sun 16/08
Football / Estonia / Premium Liiga,Nomme Kalju FC,Parnu JK Vaprus,1.46,4.8,6.4,2026-08-11 03:40:21,5:00 pm,Sun 16/08
Football / Finland / Ykkosliiga,Mikkelin Palloilijat,Ekenas Idrottsforening,2.8,3.55,2.43,2026-08-11 03:40:21,5:00 pm,Sun 16/08
Football / Denmark / Superliga,Lyngby BK,FC Midtjylland,4.09,4.0,1.8,2026-08-11 03:40:21,5:00 pm,Sun 16/08
Football / Estonia / Premium Liiga,JK Narva Trans,Paide Linnameeskond,4.1,3.95,1.81,2026-08-11 03:40:21,5:00 pm,Sun 16/08
Football / Brazil / Brasileiro Serie A,Chapecoense SC,EC Bahia BA,3.48,3.5,2.1,2026-08-11 03:40:21,5:00 pm,Sun 16/08
Football / Finland / Veikkausliiga,AC Oulu,FC Inter Turku,3.3,3.35,2.22,2026-08-11 03:40:21,5:00 pm,Sun 16/08
Football / England / Community Shield,Arsenal FC,Manchester City,2.65,3.68,2.68,2026-08-11 03:40:21,5:00 pm,Sun 16/08
Football / Germany / 3. Liga,Jahn Regensburg,1. FC Saarbrucken,2.73,3.72,2.41,2026-08-11 03:40:21,5:30 pm,Sun 16/08
Football / Sweden / Allsvenskan,GAIS,Malmo FF,2.16,3.71,3.14,2026-08-11 03:40:21,5:30 pm,Sun 16/08
Football / Sweden / Allsvenskan,Kalmar FF,Hammarby IF,4.43,4.0,1.74,2026-08-11 03:40:21,5:30 pm,Sun 16/08
Football / Portugal / Liga Portugal,Nacional da Madeira,Estoril Praia,2.64,3.52,2.79,2026-08-11 03:40:21,5:30 pm,Sun 16/08
Football / Netherlands / Eredivisie,Ajax Amsterdam,SC Heerenveen,1.51,5.16,6.03,2026-08-11 03:40:21,5:45 pm,Sun 16/08
Football / England / Championship,Burnley FC,West Ham United,3.02,3.65,2.35,2026-08-11 03:40:21,6:00 pm,Sun 16/08
Football / Norway / 1st Division,Hoedd IL,Stroemmen IF,2.35,3.65,2.85,2026-08-11 03:40:21,6:00 pm,Sun 16/08
Football / Norway / 1st Division,Kongsvinger IL Toppfotball,FK Haugesund,2.14,4.2,2.9,2026-08-11 03:40:21,6:00 pm,Sun 16/08
Football / Norway / 1st Division,Egersunds IK,Stabaek IF,3.04,3.99,2.12,2026-08-11 03:40:21,6:00 pm,Sun 16/08
Football / Norway / Eliteserien,Sarpsborg 08,Sandefjord Fotball,1.8,4.0,4.1,2026-08-11 03:40:21,6:00 pm,Sun 16/08
Football / Poland / I Liga,FKS Stal Mielec,Polonia Bytom,2.05,3.9,3.25,2026-08-11 03:40:21,6:00 pm,Sun 16/08
Football / Kazakhstan / Premier League,FC Kaspiy Aktau,FC Yelimai,3.09,3.24,2.39,2026-08-11 03:40:21,6:00 pm,Sun 16/08
Football / Scotland / League Cup,Glasgow Rangers,St Mirren FC,1.3,5.8,9.2,2026-08-11 03:40:21,6:00 pm,Sun 16/08
Football / Slovakia / Superliga,FC Spartak Trnava,MFK Zemplin Michalovce,1.5,4.7,5.8,2026-08-11 03:40:21,6:00 pm,Sun 16/08
Football / Norway / 1st Division,Raufoss IL,Aasane Fotball,1.96,3.85,3.55,2026-08-11 03:40:21,6:00 pm,Sun 16/08
Football / Norway / Eliteserien,SK Brann,HamKam,1.52,4.72,5.52,2026-08-11 03:40:21,6:00 pm,Sun 16/08
Football / Norway / Eliteserien,Molde FK,Tromsoe IL,2.26,3.68,2.98,2026-08-11 03:40:21,6:00 pm,Sun 16/08
Football / Kazakhstan / Premier League,FK Atyrau,FC Okzhetpes,2.78,3.23,2.63,2026-08-11 03:40:21,6:00 pm,Sun 16/08
Football / Czech Republic / 1. Liga,Bohemians Prague 1905,FK Jablonec,2.5,3.4,2.81,2026-08-11 03:40:21,6:00 pm,Sun 16/08
Football / Austria / Bundesliga,TSV Hartberg,FK Austria Wien,3.41,3.37,2.17,2026-08-11 03:40:21,6:00 pm,Sun 16/08
Football / Austria / Bundesliga,WSG Tirol,FC Salzburg,6.6,4.65,1.46,2026-08-11 03:40:21,6:00 pm,Sun 16/08
Football / Spain / LaLiga,Racing Santander,Villarreal CF,3.07,3.55,2.41,2026-08-11 03:40:21,6:00 pm,Sun 16/08
Football / Norway / 1st Division,Sogndal Fotball,Sandnes Ulf,2.12,3.9,3.1,2026-08-11 03:40:21,6:00 pm,Sun 16/08
Football / Spain / LaLiga 2,SD Eibar,Tenerife CD,1.9,3.33,4.45,2026-08-11 03:40:21,6:00 pm,Sun 16/08
Football / Slovenia / PrvaLiga,NK Radomlje,Aluminij Kidricevo,2.35,3.55,2.9,2026-08-11 03:40:21,6:30 pm,Sun 16/08
Football / Poland / Ekstraklasa,KS Cracovia Krakow,RKS Rakow Czestochowa,2.8,3.27,2.59,2026-08-11 03:40:21,6:30 pm,Sun 16/08
Football / Romania / Liga I,FC Corvinul Hunedoara 1921,FC CFR 1907 Cluj,3.15,3.3,2.33,2026-08-11 03:40:21,6:30 pm,Sun 16/08
Football / Canada / Canadian Premier League,FC Supra Du Quebec,Atletico Ottawa,2.34,3.64,2.71,2026-08-11 03:40:21,7:00 pm,Sun 16/08
Football / Bulgaria / Parva Liga,PFC CSKA Sofia,POFC Botev Vratsa,1.34,4.9,9.8,2026-08-11 03:40:21,7:00 pm,Sun 16/08
Football / Denmark / Superliga,Randers FC,FC Copenhagen,4.26,3.94,1.78,2026-08-11 03:40:21,7:00 pm,Sun 16/08
Football / Estonia / Premium Liiga,Harju JK Laagri,FCI Levadia Tallinn,10.96,5.18,1.31,2026-08-11 03:40:21,7:00 pm,Sun 16/08
Football / Turkey / Super Lig,Istanbul Basaksehir,Kocaelispor,1.54,4.49,6.64,2026-08-11 03:40:21,7:00 pm,Sun 16/08
Football / Peru / Primera Division,Sporting Cristal,Sport Huancayo,1.53,4.39,5.99,2026-08-11 03:40:21,7:00 pm,Sun 16/08
Football / Estonia / Premium Liiga,Tallinna FC Flora,FC Kuressaare,1.3,5.98,8.97,2026-08-11 03:40:21,7:00 pm,Sun 16/08
Football / Turkey / 1. Lig,Kayserispor,Sivasspor,2.22,3.54,3.14,2026-08-11 03:40:21,7:00 pm,Sun 16/08
Football / Turkey / 1. Lig,Ankara Keciorengucu,Pendikspor,2.34,3.45,3.0,2026-08-11 03:40:21,7:00 pm,Sun 16/08
Football / Chile / Primera Division,Nublense,Deportes Union La Calera,1.86,3.5,4.4,2026-08-11 03:40:21,7:30 pm,Sun 16/08
Football / Croatia / HNL,NK Varazdin,HNK Rijeka,3.4,3.25,2.22,2026-08-11 03:40:21,7:30 pm,Sun 16/08
Football / Russian Federation / Premier League,FC Baltika Kaliningrad,FK Spartak Moscow,4.07,3.49,1.93,2026-08-11 03:40:21,7:30 pm,Sun 16/08
Football / Belgium / Pro League,Yellow-Red KV Mechelen,Standard Liege,2.7,3.32,2.85,2026-08-11 03:40:21,7:30 pm,Sun 16/08
Football / United Arab Emirates / Arabian Gulf League,Baniyas Club,Al Ain FC,7.97,4.49,1.43,2026-08-11 03:40:21,7:45 pm,Sun 16/08
Football / Spain / LaLiga,Espanyol Barcelona,Levante UD,2.13,3.39,3.87,2026-08-11 03:40:21,8:00 pm,Sun 16/08
Football / Austria / Bundesliga,SK Rapid,Grazer AK 1902,1.81,3.65,4.48,2026-08-11 03:40:21,8:00 pm,Sun 16/08
Football / Portugal / Liga Portugal 2,FC Porto B YOUTH,SC Farense,3.39,3.24,2.24,2026-08-11 03:40:21,8:00 pm,Sun 16/08
Football / Spain / LaLiga 2,Burgos CF,Cordoba CF,2.29,3.24,3.29,2026-08-11 03:40:21,8:00 pm,Sun 16/08
Football / Spain / LaLiga 2,Girona FC,CD Leganes,1.64,3.78,5.66,2026-08-11 03:40:21,8:00 pm,Sun 16/08
Football / Serbia / Superliga,FK IMT Novi Beograd,FK Radnicki Nis,1.92,3.55,4.0,2026-08-11 03:40:21,8:00 pm,Sun 16/08
Football / Slovakia / Superliga,KFC Komarno,DAC 1904 Dunajska Streda,3.25,3.35,2.25,2026-08-11 03:40:21,8:00 pm,Sun 16/08
Football / Portugal / Liga Portugal,FC Arouca,Moreirense FC,2.26,3.4,3.51,2026-08-11 03:40:21,8:00 pm,Sun 16/08
Football / Norway / Eliteserien,Fredrikstad FK,Kristiansund BK,1.88,3.7,4.05,2026-08-11 03:40:21,8:15 pm,Sun 16/08
Football / Belgium / Pro League,Lommel SK,Royal Charleroi SC,3.23,3.51,2.34,2026-08-11 03:40:21,8:15 pm,Sun 16/08
Football / Germany / 3. Liga,VfB Stuttgart II U21,FC Viktoria Cologne,2.11,3.82,3.19,2026-08-11 03:40:21,8:30 pm,Sun 16/08
Football / Argentina / Liga Profesional,CA Sarmiento Junin,CA Huracan,3.22,2.79,2.63,2026-08-11 03:40:21,9:00 pm,Sun 16/08
Football / Argentina / Liga Profesional,CA Central Cordoba SE,Instituto AC Cordoba,3.51,2.9,2.38,2026-08-11 03:40:21,9:00 pm,Sun 16/08
Football / Argentina / Primera Nacional,CSD Tristan Suarez,Club Almirante Brown,2.13,2.84,4.39,2026-08-11 03:40:21,9:00 pm,Sun 16/08
"Football / Mexico / Liga de Expansion MX, Apertura",Leones Negros UDEG,Jaiba Brava,2.43,3.19,2.89,2026-08-11 03:40:21,9:00 pm,Sun 16/08
Football / Iceland / Besta deild,KR Reykjavik,Breidablik Kopavogur,1.5,5.2,5.2,2026-08-11 03:40:21,9:00 pm,Sun 16/08
Football / Czech Republic / 1. Liga,FC Slovan Liberec,Slavia Prague,4.0,3.61,1.91,2026-08-11 03:40:21,9:00 pm,Sun 16/08
Football / Uruguay / Primera Division,Defensor Sporting,Liverpool Montevideo,2.75,3.15,2.7,2026-08-11 03:40:21,9:00 pm,Sun 16/08
"Football / Mexico / Liga MX, Apertura",Pumas UNAM,Queretaro FC,1.84,3.76,4.16,2026-08-11 03:40:21,9:00 pm,Sun 16/08
Football / Iceland / Besta deild,IBV Vestmannaeyjar,IA Akranes,2.24,3.75,2.95,2026-08-11 03:40:21,9:00 pm,Sun 16/08
Football / Iceland / Besta deild,FH Hafnarfjordur,Vikingur Reykjavik,6.59,5.19,1.42,2026-08-11 03:40:21,9:00 pm,Sun 16/08
Football / Slovenia / PrvaLiga,FC Koper,Bravo Ljubljana,1.68,4.29,4.48,2026-08-11 03:40:21,9:15 pm,Sun 16/08
Football / Bulgaria / Parva Liga,PFC Lokomotiv Plovdiv,FC Dunav Ruse,1.7,3.8,5.0,2026-08-11 03:40:21,9:15 pm,Sun 16/08
Football / Poland / Ekstraklasa,Gornik Zabrze,Wisla Krakow,2.03,3.62,3.56,2026-08-11 03:40:21,9:15 pm,Sun 16/08
Football / Peru / Primera Division,CD Moquegua,Sport Boys Association,2.64,3.14,2.84,2026-08-11 03:40:21,9:15 pm,Sun 16/08
Football / Turkey / Super Lig,Besiktas Istanbul,Eyupspor,1.39,5.69,7.73,2026-08-11 03:40:21,9:30 pm,Sun 16/08
Football / Romania / Liga I,ASC Otelul Galati,CS Universitatea Craiova,4.1,3.45,1.93,2026-08-11 03:40:21,9:30 pm,Sun 16/08
Football / Turkey / Super Lig,Amed Sportif Faaliyetler,Erzurumspor FK,2.4,3.6,3.05,2026-08-11 03:40:21,9:30 pm,Sun 16/08
Football / Turkey / 1. Lig,Muglaspor,Bandirmaspor,2.49,3.4,2.8,2026-08-11 03:40:21,9:30 pm,Sun 16/08
Football / France / Trophee des Champions,Racing Club De Lens,Paris Saint-Germain,4.35,3.83,1.88,2026-08-11 03:40:21,9:45 pm,Sun 16/08
Football / Serbia / Superliga,FK Zemun,FK Mladost Lucani,2.7,3.25,2.7,2026-08-11 03:40:21,10:00 pm,Sun 16/08
Football / Ecuador / LigaPro Primera A,Orense SC,CD Cuenca,2.02,3.35,3.9,2026-08-11 03:40:21,10:00 pm,Sun 16/08
Football / Brazil / Brasileiro Serie A,Atletico Mineiro MG,Gremio FB Porto Alegrense RS,1.79,3.6,4.69,2026-08-11 03:40:21,10:00 pm,Sun 16/08
Football / Croatia / HNL,HNK Gorica,HNK Hajduk Split,4.3,3.6,1.85,2026-08-11 03:40:21,10:00 pm,Sun 16/08
Football / Serbia / Superliga,FK Partizan Belgrade,FK Radnicki 1923 Kragujevac,1.57,4.19,5.79,2026-08-11 03:40:21,10:00 pm,Sun 16/08
Football / Chile / Primera Division,Cobresal,Deportes Concepcion,2.8,3.45,2.48,2026-08-11 03:40:21,10:00 pm,Sun 16/08
"Football / Paraguay / Division de Honor, Apertura",Sportivo Luqueno,Libertad Asuncion,3.38,3.19,2.17,2026-08-11 03:40:21,10:00 pm,Sun 16/08
Football / Brazil / Brasileiro Serie A,CR Vasco da Gama RJ,Santos FC SP,1.99,3.48,3.84,2026-08-11 03:40:21,10:00 pm,Sun 16/08
Football / Portugal / Liga Portugal,SC Braga,Gil Vicente Barcelos,1.73,3.97,5.19,2026-08-11 03:40:21,10:30 pm,Sun 16/08
Football / Spain / LaLiga,RC Celta de Vigo,CA Osasuna,2.11,3.47,3.84,2026-08-11 03:40:21,10:30 pm,Sun 16/08
Football / Spain / LaLiga 2,UD Las Palmas,Albacete Balompie,1.66,3.85,5.28,2026-08-11 03:40:21,10:30 pm,Sun 16/08
Football / Canada / Canadian Premier League,Inter Toronto FC,HFX Wanderers FC,2.44,3.63,2.6,2026-08-11 03:40:21,11:00 pm,Sun 16/08
Football / Peru / Primera Division,FC Cajamarca,Universitario de Deportes,4.8,3.5,1.8,2026-08-11 03:40:21,11:30 pm,Sun 16/08
"Football / Colombia / Primera A, Apertura",Deportivo Pereira FC SA,Jaguares de Cordoba,2.29,3.29,3.24,2026-08-11 03:40:21,12:00 am,Mon 17/08
Football / Argentina / Liga Profesional,CA River Plate (ARG),Argentinos Juniors,2.41,2.95,3.37,2026-08-11 03:40:21,12:00 am,Mon 17/08
Football / Ecuador / LigaPro Primera A,CS Emelec,CD Tecnico Universitario,1.83,3.4,4.79,2026-08-11 03:40:21,12:15 am,Mon 17/08
Football / Uruguay / Primera Division,CA Penarol Montevideo,Central Espanol FC,1.45,4.4,7.2,2026-08-11 03:40:21,12:30 am,Mon 17/08
Football / Chile / Primera Division,Colo-Colo,CD O´Higgins,1.49,4.3,6.8,2026-08-11 03:40:21,12:30 am,Mon 17/08
Football / Brazil / Brasileiro Serie A,Mirassol FC SP,CR Flamengo RJ,4.33,3.58,1.85,2026-08-11 03:40:21,12:30 am,Mon 17/08
Football / Brazil / Brasileiro Serie B,America FC MG,Athletic Club Sjdr MG,2.25,3.05,3.6,2026-08-11 03:40:21,12:30 am,Mon 17/08
Football / Brazil / Brasileiro Serie A,EC Vitoria BA,Botafogo FR RJ,2.4,3.28,3.05,2026-08-11 03:40:21,12:30 am,Mon 17/08
Football / Argentina / Primera Nacional,CA Temperley,Club Atletico Los Andes,2.13,2.84,4.38,2026-08-11 03:40:21,1:00 am,Mon 17/08
Football / USA / Major League Soccer,Chicago Fire,Portland Timbers,1.56,4.82,4.99,2026-08-11 03:40:21,1:00 am,Mon 17/08
Football / USA / Major League Soccer,New York City FC,Philadelphia Union,2.15,3.71,3.18,2026-08-11 03:40:21,1:00 am,Mon 17/08
Football / Brazil / Brasileiro Serie A,SC Corinthians SP,Cruzeiro EC MG,2.28,3.25,3.29,2026-08-11 03:40:21,1:30 am,Mon 17/08
Football / USA / National Womens Soccer League,North Carolina Courage Women,Houston Dash Women,1.54,4.32,5.3,2026-08-11 03:40:21,2:00 am,Mon 17/08
"Football / Mexico / Liga MX, Apertura",CF America,Atletico San Luis,1.53,4.4,5.96,2026-08-11 03:40:21,2:00 am,Mon 17/08
"Football / Colombia / Primera A, Apertura",America de Cali,Fortaleza FC,1.57,3.87,6.46,2026-08-11 03:40:21,2:05 am,Mon 17/08
Football / Argentina / Liga Profesional,CA Barracas Central,CA Rosario Central,3.68,2.98,2.26,2026-08-11 03:40:21,2:15 am,Mon 17/08
Football / Peru / Primera Division,Cienciano,Deportivo Garcilaso,2.15,3.5,3.35,2026-08-11 03:40:21,2:30 am,Mon 17/08
Football / Ecuador / LigaPro Primera A,SD Aucas,LDU Quito,2.34,3.25,3.15,2026-08-11 03:40:21,3:00 am,Mon 17/08
Football / USA / Major League Soccer,Austin FC,FC Dallas,2.9,3.73,2.29,2026-08-11 03:40:21,3:30 am,Mon 17/08
Football / USA / National Womens Soccer League,Angel City FC Women,Washington Spirit Women,2.79,3.53,2.33,2026-08-11 03:40:21,4:00 am,Mon 17/08
"Football / Mexico / Liga MX, Apertura",Club Santos Laguna,CD Guadalajara,5.79,4.65,1.51,2026-08-11 03:40:21,4:00 am,Mon 17/08
"Football / Colombia / Primera A, Apertura",CD Once Caldas,Alianza FC Valledupar,1.59,3.97,5.95,2026-08-11 03:40:21,4:15 am,Mon 17/08
Football / USA / Major League Soccer,Seattle Sounders,Vancouver Whitecaps FC,3.41,3.94,1.99,2026-08-11 03:40:21,5:30 am,Mon 17/08
"Football / Mexico / Liga MX, Apertura",Club Tijuana de Caliente,CF Cruz Azul,3.21,3.53,2.19,2026-08-11 03:40:21,6:00 am,Mon 17/08
Football / Greece / Greece Cup,Anagennisi Karditsas 1904,Aris Thessaloniki,16.0,5.8,1.16,2026-08-11 03:40:21,6:00 pm,Mon 17/08
Football / Finland / Veikkausliiga,IF Gnistan,Tampereen Ilves,2.28,3.6,3.0,2026-08-11 03:40:21,6:00 pm,Mon 17/08
Football / Romania / Liga I,FC Universitatea Cluj,FC Uta Arad,2.08,3.34,3.69,2026-08-11 03:40:21,6:30 pm,Mon 17/08
Football / Czech Republic / FNL,FK Fotbal Trinec,FK Usti nad Labem,3.08,3.43,2.2,2026-08-11 03:40:21,7:00 pm,Mon 17/08
Football / Greece / Greece Cup,APS Zakynthos,AE Kifisia FC,7.8,4.3,1.36,2026-08-11 03:40:21,7:00 pm,Mon 17/08
Football / Bulgaria / Parva Liga,FK Spartak 1918 Varna,FK Septemvri Sofia,1.94,3.39,4.19,2026-08-11 03:40:21,7:00 pm,Mon 17/08
Football / Denmark / Superliga,Broendby IF,Soenderjyske,1.47,4.78,6.24,2026-08-11 03:40:21,8:00 pm,Mon 17/08
Football / Sweden / Allsvenskan,BK Hacken,Halmstads BK,1.32,6.03,7.9,2026-08-11 03:40:21,8:00 pm,Mon 17/08
Football / Spain / LaLiga 2,Sporting Gijon,CE Sabadell FC,1.85,3.4,4.66,2026-08-11 03:40:21,8:00 pm,Mon 17/08
Football / Argentina / Liga Profesional,Estudiantes Rio Cuarto,Atletico Tucuman,2.53,2.85,3.3,2026-08-11 03:40:21,8:45 pm,Mon 17/08
Football / Greece / Greece Cup,POT Iraklis,Volos NPS,2.8,3.05,2.41,2026-08-11 03:40:21,9:00 pm,Mon 17/08
Football / Netherlands / Eerste Divisie,Jong Ajax Amsterdam YOUTH,FC Emmen,3.25,3.82,2.08,2026-08-11 03:40:21,9:00 pm,Mon 17/08
Football / Netherlands / Eerste Divisie,Jong FC Utrecht YOUTH,Vitesse Arnhem,3.48,3.8,2.0,2026-08-11 03:40:21,9:00 pm,Mon 17/08
Football / Iceland / Besta deild,Valur Reykjavik,KA Akureyri,2.14,3.94,3.05,2026-08-11 03:40:21,9:00 pm,Mon 17/08
Football / Argentina / Primera Nacional,CA All Boys,Nueva Chicago,2.42,2.8,3.59,2026-08-11 03:40:21,9:00 pm,Mon 17/08
Football / Serbia / Superliga,FK Novi Pazar,FK Vojvodina Novi Sad,3.65,3.5,2.04,2026-08-11 03:40:21,9:00 pm,Mon 17/08
Football / Belgium / Challenger Pro League,RFC Liege,Royal Francs Borains,2.04,3.53,3.38,2026-08-11 03:40:21,9:00 pm,Mon 17/08
Football / Bulgaria / Parva Liga,FC Arda Kardzhali,FC Lokomotiv 1929 Sofia,1.72,3.75,4.9,2026-08-11 03:40:21,9:15 pm,Mon 17/08
Football / Romania / Liga I,Fotbal Club FCSB,FC Botosani,1.58,4.18,5.58,2026-08-11 03:40:21,9:30 pm,Mon 17/08
Football / Turkey / Super Lig,Samsunspor,Goztepe Izmir,2.28,3.43,3.42,2026-08-11 03:40:21,9:30 pm,Mon 17/08
Football / Turkey / 1. Lig,Batman Petrolspor,Boluspor,1.32,5.4,9.2,2026-08-11 03:40:21,9:30 pm,Mon 17/08
Football / Spain / LaLiga,RC Deportivo De A Coruna,Elche CF,2.51,3.17,3.24,2026-08-11 03:40:21,10:00 pm,Mon 17/08
Football / England / Championship,Cardiff City,Wrexham AFC,2.41,3.62,2.95,2026-08-11 03:40:21,10:00 pm,Mon 17/08
Football / Portugal / Liga Portugal,Casa Pia Lisbon,SL Benfica,10.99,6.4,1.29,2026-08-11 03:40:21,10:15 pm,Mon 17/08
Football / Iceland / Besta deild,Fram Reykjavik,Stjarnan Gardabae,1.86,4.3,3.55,2026-08-11 03:40:21,10:15 pm,Mon 17/08
Football / Spain / LaLiga 2,UD Almeria,Club Deportivo Eldense,1.31,5.47,9.72,2026-08-11 03:40:21,10:30 pm,Mon 17/08
Football / Argentina / Liga Profesional,CA Lanus,CA Independiente Avellaneda,2.38,2.87,3.57,2026-08-11 03:40:21,11:00 pm,Mon 17/08
"Football / Colombia / Primera A, Apertura",CA Bucaramanga,AD Pasto,1.59,3.77,6.45,2026-08-11 03:40:21,12:05 am,Tue 18/08
Football / Argentina / Liga Profesional,Velez Sarsfield,Defensa y Justicia,1.75,3.36,5.53,2026-08-11 03:40:21,1:15 am,Tue 18/08
Football / Brazil / Brasileiro Serie A,SC Internacional RS,Clube do Remo PA,1.6,4.05,5.66,2026-08-11 03:40:21,2:00 am,Tue 18/08
"Football / Colombia / Primera A, Apertura",Millonarios FC,Deportivo Cali,1.75,3.6,5.0,2026-08-11 03:40:21,2:10 am,Tue 18/08
Football / Ecuador / LigaPro Primera A,CSD Macara,CD Universidad Catolica del Ecuador,3.2,3.3,2.3,2026-08-11 03:40:21,3:00 am,Tue 18/08
Football / Argentina / Liga Profesional,Gimnasia y Esgrima Mendoza,CA Talleres de Cordoba,2.82,2.82,2.94,2026-08-11 03:40:21,3:30 am,Tue 18/08
Football / Chile / Primera Division,CD Palestino,Huachipato,1.8,3.69,4.49,2026-08-11 03:40:21,3:30 am,Tue 18/08
"Football / Mexico / Liga MX, Apertura",Club Necaxa,Club Leon,2.22,3.56,3.14,2026-08-11 03:40:21,4:00 am,Tue 18/08
"Football / Mexico / Liga MX, Apertura",CF Pachuca,Club Puebla,1.49,4.55,6.3,2026-08-11 03:40:21,6:00 am,Tue 18/08
Football / Greece / Greece Cup,Atromitos Athinon,Pas Pyrgos,1.17,6.0,13.0,2026-08-11 03:40:21,5:00 pm,Tue 18/08
Football / Greece / Greece Cup,APO Levadiakos FC,Asteras Tripolis,2.4,2.9,2.95,2026-08-11 03:40:21,5:15 pm,Tue 18/08
Football / Russian Federation / Russian Cup,CSKA Moscow,FK Akron Tolyatti,1.43,4.71,6.28,2026-08-11 03:40:21,6:30 pm,Tue 18/08
Football / Russian Federation / Russian Cup,Rodina Moscow,FC Orenburg,2.49,3.37,2.69,2026-08-11 03:40:21,6:30 pm,Tue 18/08
Football / Russian Federation / Russian Cup,RFK Akhmat Grozny,FC Fakel Voronezh,1.74,3.68,4.51,2026-08-11 03:40:21,8:45 pm,Tue 18/08
Football / Russian Federation / Russian Cup,FK Rostov,Lokomotiv Moscow,2.79,3.48,2.35,2026-08-11 03:40:21,8:45 pm,Tue 18/08
Football / Argentina / Copa Argentina,Deportivo Riestra AFBC,Gimnasia y Esgrima La Plata,3.5,2.9,2.39,2026-08-11 03:40:21,11:00 pm,Tue 18/08
Football / Argentina / Copa Argentina,CA Banfield,CA Ferrocarril Midland,1.56,3.8,6.8,2026-08-11 03:40:21,3:15 am,Wed 19/08
Football / Russian Federation / Russian Cup,PFK Krylia Sovetov Samara,FK Zenit Saint Petersburg,7.89,4.93,1.35,2026-08-11 03:40:21,4:15 pm,Wed 19/08
Football / Greece / Greece Cup,Nestos Chrysoupoli FC,Apollon Kalamarias,1.95,2.95,4.1,2026-08-11 03:40:21,5:00 pm,Wed 19/08
Football / Greece / Greece Cup,Niki Volou 1924 PAE,Panionios Athens,2.5,2.8,2.9,2026-08-11 03:40:21,5:00 pm,Wed 19/08
Football / Greece / Greece Cup,PAE PS Kalamata,Panaitolikos Agrinio,2.85,2.9,2.45,2026-08-11 03:40:21,5:15 pm,Wed 19/08
Football / Russian Federation / Russian Cup,FK Rubin Kazan,FK Spartak Moscow,3.39,3.63,2.0,2026-08-11 03:40:21,6:30 pm,Wed 19/08
Football / Greece / Greece Cup,Panserraikos FC,Panthrakikos FC Komotini,1.39,4.1,7.4,2026-08-11 03:40:21,7:00 pm,Wed 19/08
Football / Russian Federation / Russian Cup,FK Dinamo Moscow,FK Krasnodar,3.0,3.64,2.16,2026-08-11 03:40:21,8:45 pm,Wed 19/08
Football / Spain / LaLiga,Atletico Madrid,Malaga CF,1.33,5.83,9.99,2026-08-11 03:40:21,10:00 pm,Wed 19/08
Football / Argentina / Copa Argentina,Racing Club Avellaneda,CA Belgrano de Cordoba,2.65,3.2,2.75,2026-08-11 03:40:21,1:15 am,Thu 20/08
Football / USA / Major League Soccer,Toronto FC,Charlotte FC,2.31,3.76,2.85,2026-08-11 03:40:21,2:30 am,Thu 20/08
Football / USA / Major League Soccer,FC Cincinnati,New York City FC,2.07,4.02,3.15,2026-08-11 03:40:21,2:30 am,Thu 20/08
Football / USA / Major League Soccer,Orlando City SC,Chicago Fire,2.85,4.09,2.2,2026-08-11 03:40:21,2:30 am,Thu 20/08
Football / USA / Major League Soccer,Philadelphia Union,Inter Miami CF,2.52,4.02,2.47,2026-08-11 03:40:21,2:30 am,Thu 20/08
Football / USA / Major League Soccer,Columbus Crew,CF Montreal,1.56,4.41,5.5,2026-08-11 03:40:21,2:30 am,Thu 20/08
Football / USA / Major League Soccer,DC United,New England Revolution,2.0,3.75,3.54,2026-08-11 03:40:21,2:30 am,Thu 20/08
Football / USA / Major League Soccer,New York Red Bulls,Nashville SC,2.88,3.92,2.23,2026-08-11 03:40:21,2:30 am,Thu 20/08
Football / USA / Major League Soccer,Sporting Kansas City,Saint Louis City SC,3.38,3.97,1.99,2026-08-11 03:40:21,3:00 am,Thu 20/08
Football / USA / Major League Soccer,Minnesota United FC,Atlanta United FC,1.69,4.03,4.8,2026-08-11 03:40:21,3:30 am,Thu 20/08
Football / USA / Major League Soccer,Seattle Sounders,Austin FC,1.63,4.23,5.03,2026-08-11 03:40:21,4:30 am,Thu 20/08
Football / USA / Major League Soccer,Colorado Rapids,Los Angeles FC,2.81,3.79,2.33,2026-08-11 03:40:21,4:30 am,Thu 20/08
Football / USA / Major League Soccer,Real Salt Lake,FC Dallas,1.85,4.05,3.83,2026-08-11 03:40:21,4:30 am,Thu 20/08
Football / USA / Major League Soccer,Los Angeles Galaxy,San Jose Earthquakes,2.44,3.9,2.6,2026-08-11 03:40:21,5:30 am,Thu 20/08
Football / USA / Major League Soccer,Vancouver Whitecaps FC,Houston Dynamo,1.46,4.83,6.26,2026-08-11 03:40:21,5:30 am,Thu 20/08
Football / USA / Major League Soccer,Portland Timbers,San Diego FC,1.95,4.2,3.34,2026-08-11 03:40:21,5:30 am,Thu 20/08
Football / Russian Federation / Russian Cup,FC Baltika Kaliningrad,FC Dynamo-Makhachkala,1.87,3.19,4.51,2026-08-11 03:40:21,8:45 pm,Thu 20/08
Football / Spain / LaLiga,Rayo Vallecano,Deportivo Alaves,2.19,3.26,3.86,2026-08-11 03:40:21,10:00 pm,Thu 20/08
Football / Germany / DFB Pokal,SV Waldhof Mannheim 07,1 FC Kaiserslautern,3.09,3.46,2.29,2026-08-11 03:40:21,7:00 pm,Fri 21/08
Football / Germany / DFB Pokal,SC Preussen 06 Munster,Karlsruher SC,2.93,3.49,2.37,2026-08-11 03:40:21,7:00 pm,Fri 21/08
Football / Italy / Serie B,L.R. Vicenza,US Catanzaro,2.64,3.24,2.76,2026-08-11 03:40:21,9:30 pm,Fri 21/08
Football / Scotland / Championship,Inverness Caledonian Thistle FC,Partick Thistle FC,3.38,3.48,2.14,2026-08-11 03:40:21,9:30 pm,Fri 21/08
Football / Ireland / Premier Division,Drogheda United FC,Saint Patrick´s Athletic FC,5.39,3.79,1.67,2026-08-11 03:40:21,9:45 pm,Fri 21/08
Football / Germany / DFB Pokal,Hansa Rostock,VfB Stuttgart,10.69,7.88,1.21,2026-08-11 03:40:21,9:45 pm,Fri 21/08
Football / Ireland / Premier Division,Dundalk FC,Galway United FC,1.73,3.94,4.59,2026-08-11 03:40:21,9:45 pm,Fri 21/08
Football / France / Ligue 1,Olympique Marseille,Strasbourg Alsace,1.76,4.32,4.5,2026-08-11 03:40:21,9:45 pm,Fri 21/08
Football / Ireland / Premier Division,Sligo Rovers FC,Waterford FC,3.0,3.5,2.31,2026-08-11 03:40:21,10:00 pm,Fri 21/08
Football / Ireland / Premier Division,Shamrock Rovers,Shelbourne FC,1.85,3.55,4.4,2026-08-11 03:40:21,10:00 pm,Fri 21/08
Football / England / Premier League,Arsenal FC,Coventry City,1.2,8.07,14.95,2026-08-11 03:40:21,10:00 pm,Fri 21/08
Football / Spain / LaLiga,Real Betis Seville,Real Sociedad San Sebastian,2.26,3.48,3.42,2026-08-11 03:40:21,10:00 pm,Fri 21/08
Football / Germany / DFB Pokal,SV Wehen Wiesbaden,Bayer Leverkusen,16.98,9.6,1.13,2026-08-11 03:40:21,2:00 pm,Sat 22/08
Football / Germany / DFB Pokal,Energie Cottbus,FC Augsburg,4.6,4.43,1.65,2026-08-11 03:40:21,2:00 pm,Sat 22/08
Football / England / Premier League,Hull City,Manchester United,6.69,4.81,1.5,2026-08-11 03:40:21,2:30 pm,Sat 22/08
Football / Russian Federation / Premier League,FC Fakel Voronezh,FC Orenburg,2.43,3.29,2.99,2026-08-11 03:40:21,3:30 pm,Sat 22/08
Football / Germany / DFB Pokal,Erzgebirge Aue,TSG Hoffenheim,21.14,10.7,1.1,2026-08-11 03:40:21,4:30 pm,Sat 22/08
Football / Germany / DFB Pokal,FC Viktoria Cologne,1 FC Nuremberg,3.35,3.51,2.14,2026-08-11 03:40:21,4:30 pm,Sat 22/08
Football / Germany / DFB Pokal,1. FC Saarbrucken,Hertha BSC,3.97,3.7,1.89,2026-08-11 03:40:21,4:30 pm,Sat 22/08
Football / Germany / DFB Pokal,SV Hemelingen,Hannover 96,82.32,54.34,68.33,2026-08-11 03:40:21,4:30 pm,Sat 22/08
Football / Germany / DFB Pokal,MSV Duisburg,SV 07 Elversberg,4.42,3.73,1.8,2026-08-11 03:40:21,4:30 pm,Sat 22/08
Football / Scotland / Championship,Greenock Morton FC,Arbroath FC,2.93,3.27,2.48,2026-08-11 03:40:21,5:00 pm,Sat 22/08
Football / Scotland / Championship,Raith Rovers FC,Ayr United FC,2.29,3.39,3.14,2026-08-11 03:40:21,5:00 pm,Sat 22/08
Football / Scotland / Championship,Livingston FC,Dunfermline Athletic FC,1.79,3.59,4.68,2026-08-11 03:40:21,5:00 pm,Sat 22/08
Football / Scotland / Premiership,St. Johnstone FC,Celtic Glasgow,6.79,4.89,1.47,2026-08-11 03:40:21,5:00 pm,Sat 22/08
Football / Scotland / Championship,Queens Park FC,Stenhousemuir FC,2.14,3.48,3.38,2026-08-11 03:40:21,5:00 pm,Sat 22/08
Football / Scotland / Premiership,Motherwell FC,Aberdeen FC,2.38,3.55,3.05,2026-08-11 03:40:21,5:00 pm,Sat 22/08
Football / Scotland / Premiership,Falkirk FC,Heart of Midlothian FC,3.0,3.64,2.37,2026-08-11 03:40:21,5:00 pm,Sat 22/08
Football / Scotland / Premiership,Hibernian FC,Kilmarnock FC,1.71,3.99,5.1,2026-08-11 03:40:21,5:00 pm,Sat 22/08
Football / Scotland / Premiership,Glasgow Rangers,St Mirren FC,1.32,5.76,10.31,2026-08-11 03:40:21,5:00 pm,Sat 22/08
Football / England / Premier League,Nottingham Forest,Leeds United,2.33,3.51,3.25,2026-08-11 03:40:21,5:00 pm,Sat 22/08
Football / England / Premier League,Everton FC,Crystal Palace,2.22,3.53,3.46,2026-08-11 03:40:21,5:00 pm,Sat 22/08
Football / England / Premier League,Ipswich Town,Sunderland AFC,2.77,3.42,2.72,2026-08-11 03:40:21,5:00 pm,Sat 22/08
Football / Russian Federation / Premier League,RFK Akhmat Grozny,FK Rostov,2.13,3.4,3.5,2026-08-11 03:40:21,6:00 pm,Sat 22/08
Football / Spain / LaLiga,Athletic Bilbao,Sevilla FC,1.7,3.87,5.66,2026-08-11 03:40:21,6:00 pm,Sat 22/08
Football / France / Ligue 1,Racing Club De Lens,AJ Auxerre,1.67,4.4,5.11,2026-08-11 03:40:21,6:15 pm,Sat 22/08
Football / Germany / DFB Pokal,Eintracht Trier,RB Leipzig,39.37,23.53,1.02,2026-08-11 03:40:21,7:00 pm,Sat 22/08
Football / Germany / DFB Pokal,SG Sonnenhof Grossaspach,Arminia Bielefeld,5.27,3.97,1.64,2026-08-11 03:40:21,7:00 pm,Sat 22/08
Football / Italy / Serie A,Inter Milano,AC Monza,1.26,6.79,11.8,2026-08-11 03:40:21,7:30 pm,Sat 22/08
Football / Italy / Serie A,Udinese Calcio,Como 1907,4.48,3.62,1.91,2026-08-11 03:40:21,7:30 pm,Sat 22/08
Football / England / Premier League,Brentford FC,Tottenham Hotspur,2.47,3.73,2.86,2026-08-11 03:40:21,7:30 pm,Sat 22/08
Football / Scotland / Premiership,Dundee United,Dundee FC,2.02,3.79,3.69,2026-08-11 03:40:21,7:45 pm,Sat 22/08
Football / Greece / Super League 1,PAE PS Kalamata,Aris Thessaloniki,4.19,3.1,2.05,2026-08-11 03:40:21,8:00 pm,Sat 22/08
Football / Greece / Super League 1,AEK Athens,POT Iraklis,1.25,6.0,12.0,2026-08-11 03:40:21,8:00 pm,Sat 22/08
Football / Italy / Serie B,Carrarese Calcio,Mantova 1911,2.32,3.25,3.21,2026-08-11 03:40:21,8:00 pm,Sat 22/08
Football / Italy / Serie B,FC Sudtirol Bolzano,Virtus Entella,2.05,3.14,4.11,2026-08-11 03:40:21,8:00 pm,Sat 22/08
Football / Russian Federation / Premier League,CSKA Moscow,Lokomotiv Moscow,2.1,3.7,3.3,2026-08-11 03:40:21,8:15 pm,Sat 22/08
Football / Spain / LaLiga,Valencia CF,RC Celta de Vigo,2.46,3.34,3.16,2026-08-11 03:40:21,8:30 pm,Sat 22/08
Football / Germany / Super Cup,Borussia Dortmund,Bayern Munich,4.66,4.32,1.68,2026-08-11 03:40:21,9:30 pm,Sat 22/08
Football / Italy / Serie A,Parma Calcio,Cagliari Calcio,2.73,3.21,2.91,2026-08-11 03:40:21,9:45 pm,Sat 22/08
Football / France / Ligue 1,Toulouse FC,Olympique Lyon,3.44,3.7,2.17,2026-08-11 03:40:21,9:45 pm,Sat 22/08
Football / Italy / Serie A,Genoa CFC,SSC Napoli,4.62,3.49,1.92,2026-08-11 03:40:21,9:45 pm,Sat 22/08
Football / France / Ligue 1,Le Mans FC,Stade Brest 29,2.63,3.57,2.77,2026-08-11 03:40:21,9:45 pm,Sat 22/08
Football / France / Ligue 1,ESTAC Troyes,Paris FC,2.81,3.56,2.6,2026-08-11 03:40:21,9:45 pm,Sat 22/08
Football / France / Ligue 1,OGC Nice,FC Lorient,2.33,3.56,3.21,2026-08-11 03:40:21,9:45 pm,Sat 22/08
Football / Greece / Super League 1,Olympiacos Piraeus,Atromitos Athinon,1.2,6.37,15.93,2026-08-11 03:40:21,10:00 pm,Sat 22/08
Football / Italy / Serie B,Benevento Calcio,Modena FC,2.45,3.23,3.01,2026-08-11 03:40:21,10:00 pm,Sat 22/08
Football / Italy / Serie B,Empoli FC,US Cremonese,2.86,3.19,2.59,2026-08-11 03:40:21,10:00 pm,Sat 22/08
Football / Italy / Serie B,US Avellino,SS Arezzo,2.18,3.41,3.35,2026-08-11 03:40:21,10:00 pm,Sat 22/08
Football / Brazil / Brasileiro Serie A,Fluminense FC RJ,Clube do Remo PA,1.4,4.66,8.17,2026-08-11 03:40:21,10:00 pm,Sat 22/08
Football / Spain / LaLiga,Espanyol Barcelona,Real Madrid,5.04,4.3,1.69,2026-08-11 03:40:21,10:30 pm,Sat 22/08
Football / Brazil / Brasileiro Serie A,SC Internacional RS,Atletico Mineiro MG,2.2,3.33,3.39,2026-08-11 03:40:21,12:30 am,Sun 23/08
Football / Brazil / Brasileiro Serie A,Cruzeiro EC MG,CR Flamengo RJ,2.96,3.34,2.42,2026-08-11 03:40:21,2:30 am,Sun 23/08
Football / Russian Federation / Premier League,FK Akron Tolyatti,PFK Krylia Sovetov Samara,2.62,3.48,2.62,2026-08-11 03:40:21,1:00 pm,Sun 23/08
Football / Germany / DFB Pokal,SSV Jeddeloh II,1. FC Heidenheim,16.49,9.83,1.13,2026-08-11 03:40:21,2:00 pm,Sun 23/08
Football / Germany / DFB Pokal,Greuther Furth,VfL Bochum,2.57,3.36,2.75,2026-08-11 03:40:21,2:00 pm,Sun 23/08
Football / Russian Federation / Premier League,FK Dinamo Moscow,Rodina Moscow,1.36,4.96,8.74,2026-08-11 03:40:21,3:15 pm,Sun 23/08
Football / England / Premier League,Manchester City,AFC Bournemouth,1.5,5.33,5.89,2026-08-11 03:40:21,4:00 pm,Sun 23/08
Football / England / Premier League,Brighton & Hove Albion,Aston Villa,2.38,3.75,2.98,2026-08-11 03:40:21,4:00 pm,Sun 23/08
Football / France / Ligue 1,Angers SCO,Lille OSC,4.94,3.88,1.78,2026-08-11 03:40:21,4:00 pm,Sun 23/08
Football / Germany / DFB Pokal,Bahlinger SC,1. FC Magdeburg,30.22,19.89,1.03,2026-08-11 03:40:21,4:30 pm,Sun 23/08
Football / Germany / DFB Pokal,Eintracht Braunschweig,Union Berlin,4.44,4.1,1.72,2026-08-11 03:40:21,4:30 pm,Sun 23/08
Football / Germany / DFB Pokal,SV Westfalia Rhynern,Dynamo Dresden,29.96,14.97,1.05,2026-08-11 03:40:21,4:30 pm,Sun 23/08
Football / Germany / DFB Pokal,FC Carl Zeiss Jena,SV Darmstadt 98,4.91,4.07,1.66,2026-08-11 03:40:21,4:30 pm,Sun 23/08
Football / Russian Federation / Premier League,FC Dynamo-Makhachkala,FK Krasnodar,4.44,3.52,1.85,2026-08-11 03:40:21,5:30 pm,Sun 23/08
Football / Spain / LaLiga,Atletico Madrid,Villarreal CF,1.97,3.75,4.04,2026-08-11 03:40:21,6:00 pm,Sun 23/08
Football / France / Ligue 1,Le Havre AC,AS Monaco,3.53,3.9,2.07,2026-08-11 03:40:21,6:15 pm,Sun 23/08
Football / England / Premier League,Newcastle United,Liverpool FC,3.26,3.97,2.16,2026-08-11 03:40:21,6:30 pm,Sun 23/08
Football / Germany / DFB Pokal,Rot-Weiss Essen,FC St. Pauli,2.76,3.47,2.5,2026-08-11 03:40:21,7:00 pm,Sun 23/08
Football / Germany / DFB Pokal,1. FC Phonix Lubeck,SC Paderborn 07,23.29,13.6,1.07,2026-08-11 03:40:21,7:00 pm,Sun 23/08
Football / Germany / DFB Pokal,Fortuna Dusseldorf,SC Freiburg,6.65,4.54,1.47,2026-08-11 03:40:21,7:00 pm,Sun 23/08
Football / Italy / Serie A,Venezia FC,US Lecce,2.45,3.34,3.17,2026-08-11 03:40:21,7:30 pm,Sun 23/08
Football / Italy / Serie A,Frosinone Calcio,Juventus Turin,6.73,4.72,1.51,2026-08-11 03:40:21,7:30 pm,Sun 23/08
Football / Greece / Super League 1,OFI Crete,Volos NPS,1.98,3.4,4.0,2026-08-11 03:40:21,7:30 pm,Sun 23/08
Football / Italy / Serie B,Hellas Verona,Ascoli Calcio 1898,1.6,3.79,6.15,2026-08-11 03:40:21,8:00 pm,Sun 23/08
Football / Italy / Serie B,Pisa SC,Calcio Padova,1.7,3.58,5.47,2026-08-11 03:40:21,8:00 pm,Sun 23/08
Football / Russian Federation / Premier League,FK Spartak Moscow,FK Zenit Saint Petersburg,2.67,3.39,2.63,2026-08-11 03:40:21,8:00 pm,Sun 23/08
Football / Spain / LaLiga,Getafe CF,Racing Santander,2.01,3.17,4.77,2026-08-11 03:40:21,8:30 pm,Sun 23/08
Football / Greece / Super League 1,Panathinaikos Athens,AE Kifisia FC,1.23,5.6,16.0,2026-08-11 03:40:21,9:00 pm,Sun 23/08
Football / Greece / Super League 1,PAOK Thessaloniki,APO Levadiakos FC,1.34,4.9,9.6,2026-08-11 03:40:21,9:00 pm,Sun 23/08
Football / Greece / Super League 1,Panaitolikos Agrinio,Asteras Tripolis,2.6,3.15,2.85,2026-08-11 03:40:21,9:30 pm,Sun 23/08
Football / Italy / Serie A,Atalanta BC,Sassuolo Calcio,1.59,4.59,5.68,2026-08-11 03:40:21,9:45 pm,Sun 23/08
Football / Italy / Serie A,Torino FC,AC Milan,4.52,3.8,1.86,2026-08-11 03:40:21,9:45 pm,Sun 23/08
Football / France / Ligue 1,Paris Saint-Germain,Stade Rennais FC,1.44,5.66,6.54,2026-08-11 03:40:21,9:45 pm,Sun 23/08
Football / Chile / Primera Division,Universidad de Chile,Colo-Colo,2.6,3.3,2.75,2026-08-11 03:40:21,10:00 pm,Sun 23/08
Football / Brazil / Brasileiro Serie A,SE Palmeiras SP,CR Vasco da Gama RJ,1.53,4.16,6.42,2026-08-11 03:40:21,10:00 pm,Sun 23/08
Football / Italy / Serie B,Cesena FC,Sampdoria Genoa,2.49,3.29,2.9,2026-08-11 03:40:21,10:00 pm,Sun 23/08
Football / Brazil / Brasileiro Serie A,Red Bull Bragantino SP,Gremio FB Porto Alegrense RS,1.86,3.61,4.26,2026-08-11 03:40:21,10:00 pm,Sun 23/08
Football / Italy / Serie B,Palermo FC,Juve Stabia,1.6,3.85,5.98,2026-08-11 03:40:21,10:00 pm,Sun 23/08
Football / Brazil / Brasileiro Serie A,EC Vitoria BA,EC Bahia BA,2.59,3.34,2.75,2026-08-11 03:40:21,10:00 pm,Sun 23/08
Football / Spain / LaLiga,Elche CF,FC Barcelona,8.23,6.14,1.35,2026-08-11 03:40:21,10:30 pm,Sun 23/08
Football / Argentina / Liga Profesional,CA Huracan,Deportivo Riestra AFBC,1.78,3.12,5.97,2026-08-11 03:40:21,11:00 pm,Sun 23/08
Football / Argentina / Liga Profesional,CA Barracas Central,CA Platense,2.63,2.86,3.12,2026-08-11 03:40:21,11:00 pm,Sun 23/08
Football / Argentina / Liga Profesional,CA Sarmiento Junin,Estudiantes de La Plata,3.94,2.97,2.17,2026-08-11 03:40:21,11:00 pm,Sun 23/08
Football / Argentina / Liga Profesional,Gimnasia y Esgrima La Plata,Gimnasia y Esgrima Mendoza,1.8,3.32,5.16,2026-08-11 03:40:21,11:00 pm,Sun 23/08
Football / Argentina / Liga Profesional,CA Belgrano de Cordoba,Defensa y Justicia,1.64,3.61,6.2,2026-08-11 03:40:21,11:00 pm,Sun 23/08
Football / Argentina / Liga Profesional,CA River Plate (ARG),Velez Sarsfield,1.73,3.41,5.58,2026-08-11 03:40:21,11:00 pm,Sun 23/08
Football / Argentina / Liga Profesional,Racing Club Avellaneda,Boca Juniors,2.8,2.97,2.8,2026-08-11 03:40:21,11:00 pm,Sun 23/08
Football / Argentina / Liga Profesional,CA Independiente Avellaneda,Independiente Rivadavia,1.93,3.3,4.36,2026-08-11 03:40:21,11:00 pm,Sun 23/08
Football / Argentina / Liga Profesional,Atletico Tucuman,Instituto AC Cordoba,2.52,2.92,3.22,2026-08-11 03:40:21,11:00 pm,Sun 23/08
Football / Argentina / Liga Profesional,Estudiantes Rio Cuarto,CA San Lorenzo de Almagro,2.78,2.83,2.97,2026-08-11 03:40:21,11:00 pm,Sun 23/08
Football / Argentina / Liga Profesional,Newell's Old Boys,CA Banfield,2.3,3.1,3.42,2026-08-11 03:40:21,11:00 pm,Sun 23/08
Football / Brazil / Brasileiro Serie A,Santos FC SP,Mirassol FC SP,2.04,3.42,3.74,2026-08-11 03:40:21,12:30 am,Mon 24/08
Football / Brazil / Brasileiro Serie A,Chapecoense SC,Sao Paulo FC SP,3.57,3.41,2.1,2026-08-11 03:40:21,12:30 am,Mon 24/08
Football / Brazil / Brasileiro Serie A,Coritiba FC PR,SC Corinthians SP,2.85,3.22,2.58,2026-08-11 03:40:21,1:30 am,Mon 24/08
Football / Germany / DFB Pokal,VSG Altglienicke,VFL Wolfsburg,13.6,8.19,1.17,2026-08-11 03:40:21,7:00 pm,Mon 24/08
Football / Germany / DFB Pokal,FC Wurzburger Kickers,1. FC Cologne,8.39,6.45,1.29,2026-08-11 03:40:21,7:00 pm,Mon 24/08
Football / Germany / DFB Pokal,SC Verl,Hamburger SV,5.32,4.63,1.55,2026-08-11 03:40:21,7:00 pm,Mon 24/08
Football / Italy / Serie A,Bologna FC,Lazio Rome,2.23,3.35,3.64,2026-08-11 03:40:21,7:30 pm,Mon 24/08
Football / Spain / LaLiga,CA Osasuna,Levante UD,1.79,3.92,4.78,2026-08-11 03:40:21,8:30 pm,Mon 24/08
Football / Russian Federation / Premier League,FC Baltika Kaliningrad,FK Rubin Kazan,2.05,3.41,3.72,2026-08-11 03:40:21,8:30 pm,Mon 24/08
Football / Italy / Serie A,AS Roma,ACF Fiorentina,1.62,4.25,5.87,2026-08-11 03:40:21,9:45 pm,Mon 24/08
Football / Germany / DFB Pokal,Hallescher FC,Schalke 04,6.52,5.46,1.4,2026-08-11 03:40:21,9:45 pm,Mon 24/08
Football / England / Premier League,Fulham FC,Chelsea FC,3.15,3.76,2.28,2026-08-11 03:40:21,10:00 pm,Mon 24/08
Football / Spain / LaLiga,Malaga CF,RC Deportivo De A Coruna,2.59,3.2,3.1,2026-08-11 03:40:21,10:30 pm,Mon 24/08
Football / Argentina / Liga Profesional,CA Tigre,CA Central Cordoba SE,1.62,3.55,6.64,2026-08-11 03:40:21,1:15 am,Tue 25/08
Football / Brazil / Brasileiro Serie A,Botafogo FR RJ,CA Paranaense PR,2.08,3.41,3.63,2026-08-11 03:40:21,2:00 am,Tue 25/08
Football / Argentina / Liga Profesional,CA Lanus,Argentinos Juniors,3.0,2.89,2.69,2026-08-11 03:40:21,3:15 am,Tue 25/08
Football / Argentina / Liga Profesional,CA Talleres de Cordoba,CA Rosario Central,2.8,2.93,2.85,2026-08-11 03:40:21,3:15 am,Tue 25/08
Football / Spain / LaLiga,Valencia CF,Real Betis Seville,2.78,3.37,2.74,2026-08-11 03:40:21,10:00 pm,Tue 25/08
Football / Spain / LaLiga,Real Madrid,Real Sociedad San Sebastian,1.43,5.43,7.16,2026-08-11 03:40:21,10:00 pm,Wed 26/08
Football / Spain / LaLiga,FC Barcelona,Athletic Bilbao,1.48,5.2,6.48,2026-08-11 03:40:21,10:00 pm,Thu 27/08
Football / Germany / Bundesliga,Bayern Munich,VfB Stuttgart,1.34,6.89,7.66,2026-08-11 03:40:21,9:30 pm,Fri 28/08
Football / Germany / Bundesliga,RB Leipzig,Borussia Monchengladbach,1.6,4.76,5.32,2026-08-11 03:40:21,4:30 pm,Sat 29/08
Football / Germany / Bundesliga,1. FC Cologne,TSG Hoffenheim,2.95,3.73,2.41,2026-08-11 03:40:21,4:30 pm,Sat 29/08
Football / Germany / Bundesliga,FSV Mainz,SC Paderborn 07,1.77,4.12,4.64,2026-08-11 03:40:21,4:30 pm,Sat 29/08
Football / Germany / Bundesliga,SV 07 Elversberg,Bayer Leverkusen,5.24,4.84,1.6,2026-08-11 03:40:21,4:30 pm,Sat 29/08
Football / Germany / Bundesliga,Union Berlin,Eintracht Frankfurt,2.5,3.64,2.88,2026-08-11 03:40:21,4:30 pm,Sat 29/08
Football / Germany / Bundesliga,Borussia Dortmund,Hamburger SV,1.38,5.84,7.95,2026-08-11 03:40:21,7:30 pm,Sat 29/08
Football / Germany / Bundesliga,SC Freiburg,Werder Bremen,2.16,3.62,3.54,2026-08-11 03:40:21,4:30 pm,Sun 30/08
Football / Germany / Bundesliga,FC Augsburg,Schalke 04,2.24,3.83,3.17,2026-08-11 03:40:21,6:30 pm,Sun 30/08
Football / Germany / DFB Pokal,VfL 1899 Osnabruck,Bayern Munich,36.43,20.15,1.03,2026-08-11 03:40:21,9:45 pm,Wed 02/09
Football / Bulgaria / Super Cup,PFC Levski Sofia,PFC CSKA Sofia,2.47,3.15,3.05,2026-08-11 03:40:21,9:00 pm,Wed 09/09
